channel,channel_title,message_id,text,date,views,forwards,replies,has_media,media_type,media_size,message_hash
@ZemenExpress,Zemen ExpressÂ®,6994,[no text],2025-06-21T19:35:51+03:00,1646,0,,True,jpg,21521.0,e3b0c44298fc1c149afbf4c8996fb92427ae41e4649b934ca495991b7852b855
@ZemenExpress,Zemen ExpressÂ®,6993,[no text],2025-06-21T19:35:51+03:00,1644,0,,True,jpg,18148.0,e3b0c44298fc1c149afbf4c8996fb92427ae41e4649b934ca495991b7852b855
@ZemenExpress,Zemen ExpressÂ®,6992,[no text],2025-06-21T19:35:51+03:00,1624,0,,True,jpg,18833.0,e3b0c44298fc1c149afbf4c8996fb92427ae41e4649b934ca495991b7852b855
@ZemenExpress,Zemen ExpressÂ®,6991,"ğŸ’¥ğŸ’¥...................................ğŸ’¥ğŸ’¥

ğŸ“ŒSaachi Electric Kettle

ğŸ‘Borosilicate Glass Body
ğŸ‘Overheat protection
ğŸ‘Automatic switch off
ğŸ‘2200w

á‹‹áŒ‹á¦Â  ğŸ’²ğŸ· 2700Â  á‰¥áˆ­ âœ…

â™¦ï¸á‹áˆµáŠ• ááˆ¬ áŠá‹ á‹«áˆˆá‹ğŸ”¥ğŸ”¥ğŸ”¥

ğŸ¢ áŠ á‹µáˆ«áˆ»ğŸ‘‰

ğŸ“â™¦ï¸#áˆ˜áŒˆáŠ“áŠ›_áˆ˜áˆ°áˆ¨á‰µ_á‹°á‹áˆ­_áˆáˆ_áˆáˆˆá‰°áŠ›_áá‰… á‰¢áˆ® á‰. S05/S06


Â Â Â Â  ğŸ’§ğŸ’§ğŸ’§ğŸ’§


Â Â Â  ğŸ“² 0902660722
Â Â Â  ğŸ“² 0928460606 

ğŸ”–
ğŸ’¬á‰ Telegram áˆˆáˆ›á‹˜á‹ â¤µï¸ á‹­áŒ á‰€áˆ™ğŸ”½

@zemencallcenter 

@zemenexpressadmin

áˆˆá‰°áŒ¨áˆ›áˆª áˆ›á‰¥áˆ«áˆªá‹« á‹¨á‰´áˆŒáŒáˆ«áˆ áŒˆáƒá‰½áŠ•â¤µï¸
https://telegram.me/zemenexpress

ğŸ’¥ğŸ’¥...................................ğŸ’¥ğŸ’¥",2025-06-21T19:35:51+03:00,1628,0,,True,jpg,153120.0,2d16d237f1bb83e2896b3877da53a17176231491d8bda97c27a12ca9dcf71281
@ZemenExpress,Zemen ExpressÂ®,6990,[no text],2025-06-21T11:07:31+03:00,2306,4,,True,jpg,52081.0,e3b0c44298fc1c149afbf4c8996fb92427ae41e4649b934ca495991b7852b855
@ZemenExpress,Zemen ExpressÂ®,6989,[no text],2025-06-21T11:07:31+03:00,2305,4,,True,jpg,57802.0,e3b0c44298fc1c149afbf4c8996fb92427ae41e4649b934ca495991b7852b855
@ZemenExpress,Zemen ExpressÂ®,6988,[no text],2025-06-21T11:07:31+03:00,2316,4,,True,jpg,75622.0,e3b0c44298fc1c149afbf4c8996fb92427ae41e4649b934ca495991b7852b855
@ZemenExpress,Zemen ExpressÂ®,6987,"ğŸ’¥ğŸ’¥...................................ğŸ’¥ğŸ’¥

3pcs Bottle Stopper 

ğŸ‘á‰ áˆ›áŠ•áŠ›á‹áˆ áŒ áˆ­áˆ™áˆµ áŒ«á á‹¨áˆšáŒˆáŒ áˆ 
ğŸ‘áˆˆá‹˜á‹­á‰µ áŠ¥áŠ“ áˆ˜áˆ°áˆ áŠáŒˆáˆ®á‰½ áˆ˜á‰€áŠáˆ» á‹¨áˆšáˆ†áŠ•
ğŸ‘á‰ áŠ áŒá‰£á‰¡ áŠ¥á‹¨áˆ˜áŒ áŠ•áŠ• áˆˆáˆ˜áŒ á‰€áˆ á‰°áˆ˜áˆ«áŒ­

á‹‹áŒ‹á¦Â  ğŸ’²ğŸ·Â  3ááˆ¬â¡ï¸ 400 á‰¥áˆ­

â™¦ï¸á‹áˆµáŠ• ááˆ¬ áŠá‹ á‹«áˆˆá‹ ğŸ”¥ğŸ”¥ğŸ”¥

ğŸ¢ áŠ á‹µáˆ«áˆ»ğŸ‘‰

ğŸ“â™¦ï¸#áˆ˜áŒˆáŠ“áŠ›_áˆ˜áˆ°áˆ¨á‰µ_á‹°á‹áˆ­_áˆáˆ_áˆáˆˆá‰°áŠ›_áá‰… á‰¢áˆ® á‰. S05/S06


Â Â Â Â  ğŸ’§ğŸ’§ğŸ’§ğŸ’§


Â Â Â  ğŸ“² 0902660722
Â Â Â  ğŸ“² 0928460606 

ğŸ”–
ğŸ’¬á‰ Telegram áˆˆáˆ›á‹˜á‹ â¤µï¸ á‹­áŒ á‰€áˆ™ğŸ”½

@zemencallcenter 

@zemenexpressadmin

áˆˆá‰°áŒ¨áˆ›áˆª áˆ›á‰¥áˆ«áˆªá‹« á‹¨á‰´áˆŒáŒáˆ«áˆ áŒˆáƒá‰½áŠ•â¤µï¸
https://telegram.me/zemenexpress

ğŸ’¥ğŸ’¥...................................ğŸ’¥ğŸ’¥",2025-06-21T11:07:31+03:00,2295,6,,True,jpg,59241.0,a32a725d1ee102403d2af33949f4205f60c9d8378b4295832ac095a3cbcd3a9f
@ZemenExpress,Zemen ExpressÂ®,6986,"ğŸ’¥ğŸ’¥...................................ğŸ’¥ğŸ’¥

3pcs Bottle Stopper 

ğŸ‘á‰ áˆ›áŠ•áŠ›á‹áˆ áŒ áˆ­áˆ™áˆµ áŒ«á á‹¨áˆšáŒˆáŒ áˆ 
ğŸ‘áˆˆá‹˜á‹­á‰µ áŠ¥áŠ“ áˆ˜áˆ°áˆ áŠáŒˆáˆ®á‰½ áˆ˜á‰€áŠáˆ» á‹¨áˆšáˆ†áŠ•
ğŸ‘á‰ áŠ áŒá‰£á‰¡ áŠ¥á‹¨áˆ˜áŒ áŠ•áŠ• áˆˆáˆ˜áŒ á‰€áˆ á‰°áˆ˜áˆ«áŒ­

á‹‹áŒ‹á¦Â  ğŸ’²ğŸ·Â  3ááˆ¬â¡ï¸ 400 á‰¥áˆ­

â™¦ï¸á‹áˆµáŠ• ááˆ¬ áŠá‹ á‹«áˆˆá‹ ğŸ”¥ğŸ”¥ğŸ”¥

ğŸ¢ áŠ á‹µáˆ«áˆ»ğŸ‘‰

ğŸ“â™¦ï¸#áˆ˜áŒˆáŠ“áŠ›_áˆ˜áˆ°áˆ¨á‰µ_á‹°á‹áˆ­_áˆáˆ_áˆáˆˆá‰°áŠ›_áá‰… á‰¢áˆ® á‰. S05/S06


Â Â Â Â  ğŸ’§ğŸ’§ğŸ’§ğŸ’§


Â Â Â  ğŸ“² 0902660722
Â Â Â  ğŸ“² 0928460606 

ğŸ”–
ğŸ’¬á‰ Telegram áˆˆáˆ›á‹˜á‹ â¤µï¸ á‹­áŒ á‰€áˆ™ğŸ”½

@zemencallcenter 

@zemenexpressadmin

áˆˆá‰°áŒ¨áˆ›áˆª áˆ›á‰¥áˆ«áˆªá‹« á‹¨á‰´áˆŒáŒáˆ«áˆ áŒˆáƒá‰½áŠ•â¤µï¸
https://telegram.me/zemenexpress

ğŸ’¥ğŸ’¥...................................ğŸ’¥ğŸ’¥",2025-06-21T11:07:11+03:00,1933,2,,True,,,a32a725d1ee102403d2af33949f4205f60c9d8378b4295832ac095a3cbcd3a9f
@ZemenExpress,Zemen ExpressÂ®,6985,"ğŸ’¥ğŸ’¥...................................ğŸ’¥ğŸ’¥

ğŸ“Œ1 pairs Sneaker Crease Protector

á‹‹áŒ‹á¦Â  ğŸ’µğŸ· 400 á‰¥áˆ­

â™¦ï¸á‹áˆµáŠ• ááˆ¬ áŠá‹ á‹«áˆˆá‹ğŸ”¥ğŸ”¥ğŸ”¥

ğŸ¢ áŠ á‹µáˆ«áˆ»ğŸ‘‰

ğŸ“â™¦ï¸#áˆ˜áŒˆáŠ“áŠ›_áˆ˜áˆ°áˆ¨á‰µ_á‹°á‹áˆ­_áˆáˆ_áˆáˆˆá‰°áŠ›_áá‰… á‰¢áˆ® á‰. S05/S06


Â Â Â Â  ğŸ’§ğŸ’§ğŸ’§ğŸ’§


Â Â Â  ğŸ“² 0902660722
Â Â Â  ğŸ“² 0928460606 

ğŸ”–
ğŸ’¬á‰ Telegram áˆˆáˆ›á‹˜á‹ â¤µï¸ á‹­áŒ á‰€áˆ™ğŸ”½

@zemencallcenter 

@zemenexpressadmin

áˆˆá‰°áŒ¨áˆ›áˆª áˆ›á‰¥áˆ«áˆªá‹« á‹¨á‰´áˆŒáŒáˆ«áˆ áŒˆáƒá‰½áŠ•â¤µï¸
https://telegram.me/zemenexpress

ğŸ’¥ğŸ’¥...................................ğŸ’¥ğŸ’¥",2025-06-21T08:42:46+03:00,2098,1,,True,jpg,141734.0,3ed9fb4eb4f10fe5e649a26c31c6a19c2cf3b2f16e35dc3693ba8fef4e856049
@ZemenExpress,Zemen ExpressÂ®,6984,[no text],2025-06-21T08:42:19+03:00,2257,2,,True,jpg,107932.0,e3b0c44298fc1c149afbf4c8996fb92427ae41e4649b934ca495991b7852b855
@ZemenExpress,Zemen ExpressÂ®,6983,"ğŸ’¥ğŸ’¥...................................ğŸ’¥ğŸ’¥

ğŸ“Œ1 pairs Sneaker Crease Protector

á‹‹áŒ‹á¦Â  ğŸ’µğŸ· 400 á‰¥áˆ­

â™¦ï¸á‹áˆµáŠ• ááˆ¬ áŠá‹ á‹«áˆˆá‹ğŸ”¥ğŸ”¥ğŸ”¥

ğŸ¢ áŠ á‹µáˆ«áˆ»ğŸ‘‰

ğŸ“â™¦ï¸#áˆ˜áŒˆáŠ“áŠ›_áˆ˜áˆ°áˆ¨á‰µ_á‹°á‹áˆ­_áˆáˆ_áˆáˆˆá‰°áŠ›_áá‰… á‰¢áˆ® á‰. S05/S06


Â Â Â Â  ğŸ’§ğŸ’§ğŸ’§ğŸ’§


Â Â Â  ğŸ“² 0902660722
Â Â Â  ğŸ“² 0928460606 

ğŸ”–
ğŸ’¬á‰ Telegram áˆˆáˆ›á‹˜á‹ â¤µï¸ á‹­áŒ á‰€áˆ™ğŸ”½

@zemencallcenter 

@zemenexpressadmin

áˆˆá‰°áŒ¨áˆ›áˆª áˆ›á‰¥áˆ«áˆªá‹« á‹¨á‰´áˆŒáŒáˆ«áˆ áŒˆáƒá‰½áŠ•â¤µï¸
https://telegram.me/zemenexpress

ğŸ’¥ğŸ’¥...................................ğŸ’¥ğŸ’¥",2025-06-21T08:42:19+03:00,2252,2,,True,jpg,81986.0,3ed9fb4eb4f10fe5e649a26c31c6a19c2cf3b2f16e35dc3693ba8fef4e856049
@ZemenExpress,Zemen ExpressÂ®,6982,"ğŸ’¥ğŸ’¥...................................ğŸ’¥ğŸ’¥

ğŸ“ŒImitation Volcano Humidifier with LED Light

ğŸ‘á‰ áŠ¤áˆŒáŠ­á‰µáˆªáŠ­:á‹¨áˆšáˆ°áˆ« áˆˆá‰¤á‰µ áˆ˜áˆáŠ«áˆ áˆ˜á‹“á‹›áŠ• á‹¨áˆšáˆ°áŒ¥

á‹‹áŒ‹á¦Â  ğŸ’²ğŸ·Â  1400 á‰¥áˆ­

ğŸ“á‹áˆµáŠ• ááˆ¬ áŠá‹ á‹«áˆˆáŠ•ğŸ”¥ğŸ”¥ğŸ”¥

ğŸ¢ áŠ á‹µáˆ«áˆ»ğŸ‘‰

ğŸ“â™¦ï¸#áˆ˜áŒˆáŠ“áŠ›_áˆ˜áˆ°áˆ¨á‰µ_á‹°á‹áˆ­_áˆáˆ_áˆáˆˆá‰°áŠ›_áá‰… á‰¢áˆ® á‰. S05/S06


Â Â Â Â  ğŸ’§ğŸ’§ğŸ’§ğŸ’§


Â Â Â  ğŸ“² 0902660722
Â Â Â  ğŸ“² 0928460606 

ğŸ”–
ğŸ’¬á‰ Telegram áˆˆáˆ›á‹˜á‹ â¤µï¸ á‹­áŒ á‰€áˆ™ğŸ”½

@zemencallcenter 

@zemenexpressadmin

áˆˆá‰°áŒ¨áˆ›áˆª áˆ›á‰¥áˆ«áˆªá‹« á‹¨á‰´áˆŒáŒáˆ«áˆ áŒˆáƒá‰½áŠ•â¤µï¸
https://telegram.me/zemenexpress

ğŸ’¥ğŸ’¥...................................ğŸ’¥ğŸ’¥",2025-06-18T09:01:10+03:00,3809,3,,True,,,d33feaba777814efd7a868c8da1a84859339a4d789ae8162bc12d6e664a154d5
@ZemenExpress,Zemen ExpressÂ®,6981,"ğŸ’¥ğŸ’¥...................................ğŸ’¥ğŸ’¥

ğŸ“Œ Baby Carrier

ğŸ‘á‰ áˆáˆˆáŒ‰á‰µ áŠ á‰…áŒ£áŒ« áˆáŒ…á‹áŠ•Â  á‰ áˆá‰¾á‰µ áˆ›á‹˜áˆ á‹«áˆµá‰½áˆá‹á‰³áˆ

á‹‹áŒ‹á¦Â  ğŸ’²ğŸ·Â  2400 á‰¥áˆ­

ğŸ“á‹áˆµáŠ• ááˆ¬ áŠá‹ á‹«áˆˆáŠ•ğŸ”¥ğŸ”¥ğŸ”¥

ğŸ¢ áŠ á‹µáˆ«áˆ»ğŸ‘‰

ğŸ“â™¦ï¸#áˆ˜áŒˆáŠ“áŠ›_áˆ˜áˆ°áˆ¨á‰µ_á‹°á‹áˆ­_áˆáˆ_áˆáˆˆá‰°áŠ›_áá‰… á‰¢áˆ® á‰. S05/S06


Â Â Â Â  ğŸ’§ğŸ’§ğŸ’§ğŸ’§


Â Â Â  ğŸ“² 0902660722
Â Â Â  ğŸ“² 0928460606 

ğŸ”–
ğŸ’¬á‰ Telegram áˆˆáˆ›á‹˜á‹ â¤µï¸ á‹­áŒ á‰€áˆ™ğŸ”½

@zemencallcenter 

@zemenexpressadmin

áˆˆá‰°áŒ¨áˆ›áˆª áˆ›á‰¥áˆ«áˆªá‹« á‹¨á‰´áˆŒáŒáˆ«áˆ áŒˆáƒá‰½áŠ•â¤µï¸
https://telegram.me/zemenexpress

ğŸ’¥ğŸ’¥...................................ğŸ’¥ğŸ’¥",2025-06-16T15:21:00+03:00,4582,3,,True,,,d6be9eadff5bc54d713df0506a4beda612010c182fd862a1be3a32b65e942e66
@ZemenExpress,Zemen ExpressÂ®,6980,[no text],2025-06-16T08:11:57+03:00,4065,1,,True,jpg,64355.0,e3b0c44298fc1c149afbf4c8996fb92427ae41e4649b934ca495991b7852b855
@ZemenExpress,Zemen ExpressÂ®,6979,[no text],2025-06-16T08:11:57+03:00,4883,1,,True,jpg,68490.0,e3b0c44298fc1c149afbf4c8996fb92427ae41e4649b934ca495991b7852b855
@ZemenExpress,Zemen ExpressÂ®,6978,[no text],2025-06-16T08:11:57+03:00,4235,1,,True,jpg,49063.0,e3b0c44298fc1c149afbf4c8996fb92427ae41e4649b934ca495991b7852b855
@ZemenExpress,Zemen ExpressÂ®,6977,[no text],2025-06-16T08:11:57+03:00,4382,2,,True,jpg,50929.0,e3b0c44298fc1c149afbf4c8996fb92427ae41e4649b934ca495991b7852b855
@ZemenExpress,Zemen ExpressÂ®,6976,[no text],2025-06-16T08:11:57+03:00,3832,1,,True,jpg,24437.0,e3b0c44298fc1c149afbf4c8996fb92427ae41e4649b934ca495991b7852b855
@ZemenExpress,Zemen ExpressÂ®,6975,[no text],2025-06-16T08:11:57+03:00,4211,2,,True,jpg,48812.0,e3b0c44298fc1c149afbf4c8996fb92427ae41e4649b934ca495991b7852b855
@ZemenExpress,Zemen ExpressÂ®,6974,[no text],2025-06-16T08:11:57+03:00,3570,3,,True,jpg,40724.0,e3b0c44298fc1c149afbf4c8996fb92427ae41e4649b934ca495991b7852b855
@ZemenExpress,Zemen ExpressÂ®,6973,"ğŸ’¥ğŸ’¥...................................ğŸ’¥ğŸ’¥

ğŸ“ŒSmart Usb Ultrasonic Car And HomeÂ  Air Humidifier With Colorful Led Light

Â Â Â Â Â Â Â Â Â Â Â Â Â  ğŸ’¯Original
Â Â Â Â Â Â Â Â Â Â Â Â Â  ğŸ’¯High-quality 

á‰ áŠ¤áˆŒáŠ­á‰µáˆªáŠ­ á‹¨áˆšáˆ°áˆ« 
ğŸ‘áˆˆá‰¤á‰µáŠ“ áˆˆáˆ˜áŠªáŠ“ áˆ˜áˆáŠ«áˆ áˆ˜á‹“á‹›áŠ• á‹¨áˆšáˆ°áŒ¥

ğŸ‘Elevate the comfort level within your living premises with this fantastic Green Lion Air Mist Humidifier.

á‹‹áŒ‹á¦Â  ğŸ’²ğŸ·Â  1100 á‰¥áˆ­

ğŸ“á‹áˆµáŠ• ááˆ¬ áŠá‹ á‹«áˆˆáŠ•ğŸ”¥ğŸ”¥ğŸ”¥

ğŸ¢ áŠ á‹µáˆ«áˆ»ğŸ‘‰

ğŸ“â™¦ï¸#áˆ˜áŒˆáŠ“áŠ›_áˆ˜áˆ°áˆ¨á‰µ_á‹°á‹áˆ­_áˆáˆ_áˆáˆˆá‰°áŠ›_áá‰… á‰¢áˆ® á‰. S05/S06


Â Â Â Â  ğŸ’§ğŸ’§ğŸ’§ğŸ’§


Â Â Â  ğŸ“² 0902660722
Â Â Â  ğŸ“² 0928460606 

ğŸ”–
ğŸ’¬á‰ Telegram áˆˆáˆ›á‹˜á‹ â¤µï¸ á‹­áŒ á‰€áˆ™ğŸ”½

@zemencallcenter 

@zemenexpressadmin

áˆˆá‰°áŒ¨áˆ›áˆª áˆ›á‰¥áˆ«áˆªá‹« á‹¨á‰´áˆŒáŒáˆ«áˆ áŒˆáƒá‰½áŠ•â¤µï¸
https://telegram.me/zemenexpress

ğŸ’¥ğŸ’¥...................................ğŸ’¥ğŸ’¥",2025-06-16T08:11:57+03:00,3330,1,,True,jpg,30359.0,a91d4906c51f5216ad7a60a704dcb0fca5199ac6e8d6043fdb13f15e767f2c8e
@ZemenExpress,Zemen ExpressÂ®,6972,"ğŸ’¥ğŸ’¥...................................ğŸ’¥ğŸ’¥

ğŸ“ŒSmart Usb Ultrasonic Car And HomeÂ  Air Humidifier With Colorful Led Light

Â Â Â Â Â Â Â Â Â Â Â Â Â  ğŸ’¯Original
Â Â Â Â Â Â Â Â Â Â Â Â Â  ğŸ’¯High-quality 

á‰ áŠ¤áˆŒáŠ­á‰µáˆªáŠ­ á‹¨áˆšáˆ°áˆ« 
ğŸ‘áˆˆá‰¤á‰µáŠ“ áˆˆáˆ˜áŠªáŠ“ áˆ˜áˆáŠ«áˆ áˆ˜á‹“á‹›áŠ• á‹¨áˆšáˆ°áŒ¥

ğŸ‘Elevate the comfort level within your living premises with this fantastic Green Lion Air Mist Humidifier.

á‹‹áŒ‹á¦Â  ğŸ’²ğŸ·Â  1100 á‰¥áˆ­

ğŸ“á‹áˆµáŠ• ááˆ¬ áŠá‹ á‹«áˆˆáŠ•ğŸ”¥ğŸ”¥ğŸ”¥

ğŸ¢ áŠ á‹µáˆ«áˆ»ğŸ‘‰

ğŸ“â™¦ï¸#áˆ˜áŒˆáŠ“áŠ›_áˆ˜áˆ°áˆ¨á‰µ_á‹°á‹áˆ­_áˆáˆ_áˆáˆˆá‰°áŠ›_áá‰… á‰¢áˆ® á‰. S05/S06


Â Â Â Â  ğŸ’§ğŸ’§ğŸ’§ğŸ’§


Â Â Â  ğŸ“² 0902660722
Â Â Â  ğŸ“² 0928460606 

ğŸ”–
ğŸ’¬á‰ Telegram áˆˆáˆ›á‹˜á‹ â¤µï¸ á‹­áŒ á‰€áˆ™ğŸ”½

@zemencallcenter 

@zemenexpressadmin

áˆˆá‰°áŒ¨áˆ›áˆª áˆ›á‰¥áˆ«áˆªá‹« á‹¨á‰´áˆŒáŒáˆ«áˆ áŒˆáƒá‰½áŠ•â¤µï¸
https://telegram.me/zemenexpress

ğŸ’¥ğŸ’¥...................................ğŸ’¥ğŸ’¥",2025-06-16T08:11:26+03:00,3163,4,,True,,,a91d4906c51f5216ad7a60a704dcb0fca5199ac6e8d6043fdb13f15e767f2c8e
@ZemenExpress,Zemen ExpressÂ®,6971,[no text],2025-06-16T08:09:03+03:00,3529,3,,True,jpg,37731.0,e3b0c44298fc1c149afbf4c8996fb92427ae41e4649b934ca495991b7852b855
@ZemenExpress,Zemen ExpressÂ®,6970,"ğŸ’¥ğŸ’¥...................................ğŸ’¥ğŸ’¥

ğŸ“Œ**Baby Head Helmet Cotton Walk Safety Hat Breathable Headgear Toddler Antifall Pad**

ğŸ‘This product is made of non-toxic cotton material. 
ğŸ‘It can be adjustable to fits all the different size of head. 
ğŸ‘The product is also breathable and the baby's head will not be sultry and muggy when playing.

á‹‹áŒ‹á¦Â  ğŸ’²ğŸ·Â  550 á‰¥áˆ­

ğŸ“á‹áˆµáŠ• ááˆ¬ áŠá‹ á‹«áˆˆáŠ•ğŸ”¥ğŸ”¥ğŸ”¥

ğŸ¢ áŠ á‹µáˆ«áˆ»ğŸ‘‰

ğŸ“â™¦ï¸#áˆ˜áŒˆáŠ“áŠ›_áˆ˜áˆ°áˆ¨á‰µ_á‹°á‹áˆ­_áˆáˆ_áˆáˆˆá‰°áŠ›_áá‰… á‰¢áˆ® á‰. S05/S06


Â Â Â Â  ğŸ’§ğŸ’§ğŸ’§ğŸ’§


Â Â Â  ğŸ“² 0902660722
Â Â Â  ğŸ“² 0928460606 

ğŸ”–
ğŸ’¬á‰ Telegram áˆˆáˆ›á‹˜á‹ â¤µï¸ á‹­áŒ á‰€áˆ™ğŸ”½

@zemencallcenter 

@zemenexpressadmin

áˆˆá‰°áŒ¨áˆ›áˆª áˆ›á‰¥áˆ«áˆªá‹« á‹¨á‰´áˆŒáŒáˆ«áˆ áŒˆáƒá‰½áŠ•â¤µï¸
https://telegram.me/zemenexpress

ğŸ’¥ğŸ’¥...................................ğŸ’¥ğŸ’¥",2025-06-16T08:09:03+03:00,3707,2,,True,jpg,32127.0,bd31a67f5ee14c060aaa53925f274c4f632730432db6326ad615d18c0b6b80e6
@ZemenExpress,Zemen ExpressÂ®,6969,"ğŸ’¥ğŸ’¥...................................ğŸ’¥ğŸ’¥

ğŸ“Œ**Baby Head Helmet Cotton Walk Safety Hat Breathable Headgear Toddler Antifall Pad**

ğŸ‘This product is made of non-toxic cotton material. 
ğŸ‘It can be adjustable to fits all the different size of head. 
ğŸ‘The product is also breathable and the baby's head will not be sultry and muggy when playing.

á‹‹áŒ‹á¦Â  ğŸ’²ğŸ·Â  550 á‰¥áˆ­

ğŸ“á‹áˆµáŠ• ááˆ¬ áŠá‹ á‹«áˆˆáŠ•ğŸ”¥ğŸ”¥ğŸ”¥

ğŸ¢ áŠ á‹µáˆ«áˆ»ğŸ‘‰

ğŸ“â™¦ï¸#áˆ˜áŒˆáŠ“áŠ›_áˆ˜áˆ°áˆ¨á‰µ_á‹°á‹áˆ­_áˆáˆ_áˆáˆˆá‰°áŠ›_áá‰… á‰¢áˆ® á‰. S05/S06


Â Â Â Â  ğŸ’§ğŸ’§ğŸ’§ğŸ’§


Â Â Â  ğŸ“² 0902660722
Â Â Â  ğŸ“² 0928460606 

ğŸ”–
ğŸ’¬á‰ Telegram áˆˆáˆ›á‹˜á‹ â¤µï¸ á‹­áŒ á‰€áˆ™ğŸ”½

@zemencallcenter 

@zemenexpressadmin

áˆˆá‰°áŒ¨áˆ›áˆª áˆ›á‰¥áˆ«áˆªá‹« á‹¨á‰´áˆŒáŒáˆ«áˆ áŒˆáƒá‰½áŠ•â¤µï¸
https://telegram.me/zemenexpress

ğŸ’¥ğŸ’¥...................................ğŸ’¥ğŸ’¥",2025-06-15T12:30:52+03:00,3826,4,,True,,,bd31a67f5ee14c060aaa53925f274c4f632730432db6326ad615d18c0b6b80e6
@ZemenExpress,Zemen ExpressÂ®,6968,"ğŸ’¥ğŸ’¥...............ğŸŒ.................ğŸ’¥ğŸ’¥

â“ á‰ áˆ¨áá‰µ á‰€áŠ•á‹ áˆ±á‰… áˆ‹á‹­ áˆ˜áˆµá‰°áŠ“áŒˆá‹µ áˆˆáˆá‰µáˆáˆáŒ‰ á‹á‹µ á‹°áŠ•á‰ áŠá‰»á‰½áŠ•
Â Â 

ğŸŒáŠáŒˆ áŠ¨áŒ á‹‹á‰± 4:30 _ á‰€áŠ‘ 11:00 á‹µáˆ¨áˆµğŸŒ
Â Â Â Â Â Â Â Â Â  áˆ±á‰ƒá‰½áŠ• áŠ­áá‰µ áˆáŠ– á‹­áŒ á‰¥á‰…á‹á‰³áˆ


ğŸŸ¢ ğŸš› áˆ±á‰… áˆ˜á‰°á‹ áˆ˜áŒá‹›á‰µ áˆ‹áˆá‰»áˆ‹á‰½áˆ á‰ áˆá‰°áˆ¨áŠá‰½ á‹«áˆ‰á‰ á‰µ áŠ¥áŠ“á‹°áˆ­áˆ³áˆˆáŠ• 

âš ï¸ á‹˜á‹ˆá‰µáˆ­ áˆ°áŠ _á‰…á‹³áˆœ áŠ¨áŒ á‹‹á‰± 2:30 áŠ¥áˆµáŠ¨ áˆáˆ½á‰± 2:00 á‹µáˆ¨áˆµ áŠ­áá‰µ áˆ˜áˆ†áŠ‘áŠ• áŠ¥áŠ•áŒˆáˆáƒáˆˆáŠ•

ğŸ¢ áŠ á‹µáˆ«áˆ»ğŸ‘‰

ğŸ“â™¦ï¸#áˆ˜áŒˆáŠ“áŠ›_áˆ˜áˆ°áˆ¨á‰µ_á‹°á‹áˆ­_áˆáˆ_áˆáˆˆá‰°áŠ›_áá‰… á‰¢áˆ® á‰. S05/S06


Â Â Â Â  ğŸ’§ğŸ’§ğŸ’§ğŸ’§


Â Â Â  ğŸ“² 0902660722
Â Â Â  ğŸ“² 0928460606 

ğŸ”–
ğŸ’¬á‰ Telegram áˆˆáˆ›á‹˜á‹ â¤µï¸ á‹­áŒ á‰€áˆ™ğŸ”½

@zemencallcenter 

@zemenexpressadmin

áˆˆá‰°áŒ¨áˆ›áˆª áˆ›á‰¥áˆ«áˆªá‹« á‹¨á‰´áˆŒáŒáˆ«áˆ áŒˆáƒá‰½áŠ•â¤µï¸
https://telegram.me/zemenexpress

ğŸ’¥ğŸ’¥...................................ğŸ’¥ğŸ’¥",2025-06-14T17:40:03+03:00,3850,1,,True,jpg,84991.0,a5952cbdcf2682cfb1cab0caf8e6b43430353b2c0585decd0ddbd80b5edca1c0
@ZemenExpress,Zemen ExpressÂ®,6967,[no text],2025-06-14T16:42:04+03:00,3515,5,,True,jpg,35300.0,e3b0c44298fc1c149afbf4c8996fb92427ae41e4649b934ca495991b7852b855
@ZemenExpress,Zemen ExpressÂ®,6966,[no text],2025-06-14T16:42:04+03:00,3694,5,,True,jpg,72488.0,e3b0c44298fc1c149afbf4c8996fb92427ae41e4649b934ca495991b7852b855
@ZemenExpress,Zemen ExpressÂ®,6965,[no text],2025-06-14T16:42:04+03:00,3589,5,,True,jpg,79455.0,e3b0c44298fc1c149afbf4c8996fb92427ae41e4649b934ca495991b7852b855
@ZemenExpress,Zemen ExpressÂ®,6964,"ğŸ’¥ğŸ’¥...................................ğŸ’¥ğŸ’¥

ğŸ“Œ Baby knee socks

ğŸ‘áˆáŒ…á‹ áˆ˜á‹³áˆ… á‰ áˆšáŒ€áˆáˆ©á‰ á‰µ áŒŠá‹œ á‰°áˆ˜áˆ«áŒ­

á‹‹áŒ‹á¦Â  ğŸ’²ğŸ·Â  250 á‰¥áˆ­

ğŸ“á‹áˆµáŠ• ááˆ¬ áŠá‹ á‹«áˆˆáŠ•ğŸ”¥ğŸ”¥ğŸ”¥

ğŸ¢ áŠ á‹µáˆ«áˆ»ğŸ‘‰

ğŸ“â™¦ï¸#áˆ˜áŒˆáŠ“áŠ›_áˆ˜áˆ°áˆ¨á‰µ_á‹°á‹áˆ­_áˆáˆ_áˆáˆˆá‰°áŠ›_áá‰… á‰¢áˆ® á‰. S05/S06


Â Â Â Â  ğŸ’§ğŸ’§ğŸ’§ğŸ’§


Â Â Â  ğŸ“² 0902660722
Â Â Â  ğŸ“² 0928460606 

ğŸ”–
ğŸ’¬á‰ Telegram áˆˆáˆ›á‹˜á‹ â¤µï¸ á‹­áŒ á‰€áˆ™ğŸ”½

@zemencallcenter 

@zemenexpressadmin

áˆˆá‰°áŒ¨áˆ›áˆª áˆ›á‰¥áˆ«áˆªá‹« á‹¨á‰´áˆŒáŒáˆ«áˆ áŒˆáƒá‰½áŠ•â¤µï¸
https://telegram.me/zemenexpress

ğŸ’¥ğŸ’¥...................................ğŸ’¥ğŸ’¥",2025-06-14T16:42:04+03:00,3369,6,,True,jpg,57380.0,2285123c9d85fdb9677d5cafd1712e7c27aa49e5625efa4be0b3979425bb777b
@ZemenExpress,Zemen ExpressÂ®,6963,"ğŸ’¥ğŸ’¥...................................ğŸ’¥ğŸ’¥

ğŸ“Œ Baby knee socks

ğŸ‘áˆáŒ…á‹ áˆ˜á‹³áˆ… á‰ áˆšáŒ€áˆáˆ©á‰ á‰µ áŒŠá‹œ á‰°áˆ˜áˆ«áŒ­

á‹‹áŒ‹á¦Â  ğŸ’²ğŸ·Â  250 á‰¥áˆ­

ğŸ“á‹áˆµáŠ• ááˆ¬ áŠá‹ á‹«áˆˆáŠ•ğŸ”¥ğŸ”¥ğŸ”¥

ğŸ¢ áŠ á‹µáˆ«áˆ»ğŸ‘‰

ğŸ“â™¦ï¸#áˆ˜áŒˆáŠ“áŠ›_áˆ˜áˆ°áˆ¨á‰µ_á‹°á‹áˆ­_áˆáˆ_áˆáˆˆá‰°áŠ›_áá‰… á‰¢áˆ® á‰. S05/S06


Â Â Â Â  ğŸ’§ğŸ’§ğŸ’§ğŸ’§


Â Â Â  ğŸ“² 0902660722
Â Â Â  ğŸ“² 0928460606 

ğŸ”–
ğŸ’¬á‰ Telegram áˆˆáˆ›á‹˜á‹ â¤µï¸ á‹­áŒ á‰€áˆ™ğŸ”½

@zemencallcenter 

@zemenexpressadmin

áˆˆá‰°áŒ¨áˆ›áˆª áˆ›á‰¥áˆ«áˆªá‹« á‹¨á‰´áˆŒáŒáˆ«áˆ áŒˆáƒá‰½áŠ•â¤µï¸
https://telegram.me/zemenexpress

ğŸ’¥ğŸ’¥...................................ğŸ’¥ğŸ’¥",2025-06-14T16:41:47+03:00,3227,2,,True,,,2285123c9d85fdb9677d5cafd1712e7c27aa49e5625efa4be0b3979425bb777b
@ZemenExpress,Zemen ExpressÂ®,6962,[no text],2025-06-14T10:39:01+03:00,3876,15,,True,jpg,39578.0,e3b0c44298fc1c149afbf4c8996fb92427ae41e4649b934ca495991b7852b855
@ZemenExpress,Zemen ExpressÂ®,6961,[no text],2025-06-14T10:39:01+03:00,4153,15,,True,jpg,189756.0,e3b0c44298fc1c149afbf4c8996fb92427ae41e4649b934ca495991b7852b855
@ZemenExpress,Zemen ExpressÂ®,6960,[no text],2025-06-14T10:39:01+03:00,4110,14,,True,jpg,140165.0,e3b0c44298fc1c149afbf4c8996fb92427ae41e4649b934ca495991b7852b855
@ZemenExpress,Zemen ExpressÂ®,6959,"ğŸ’¥ğŸ’¥...................................ğŸ’¥ğŸ’¥

ğŸ“Œ5-in-1 Trouser Hanger á‹¨áˆ±áˆª áˆ›áˆµá‰€áˆ˜áŒ«

á‹‹áŒ‹á¦Â  ğŸ’²ğŸ·Â  650 á‰¥áˆ­

ğŸ“á‹áˆµáŠ• ááˆ¬ áŠá‹ á‹«áˆˆáŠ•ğŸ”¥ğŸ”¥ğŸ”¥

ğŸ¢ áŠ á‹µáˆ«áˆ»ğŸ‘‰

ğŸ“â™¦ï¸#áˆ˜áŒˆáŠ“áŠ›_áˆ˜áˆ°áˆ¨á‰µ_á‹°á‹áˆ­_áˆáˆ_áˆáˆˆá‰°áŠ›_áá‰… á‰¢áˆ® á‰. S05/S06


Â Â Â Â  ğŸ’§ğŸ’§ğŸ’§ğŸ’§


Â Â Â  ğŸ“² 0902660722
Â Â Â  ğŸ“² 0928460606 

ğŸ”–
ğŸ’¬á‰ Telegram áˆˆáˆ›á‹˜á‹ â¤µï¸ á‹­áŒ á‰€áˆ™ğŸ”½

@zemencallcenter 

@zemenexpressadmin

áˆˆá‰°áŒ¨áˆ›áˆª áˆ›á‰¥áˆ«áˆªá‹« á‹¨á‰´áˆŒáŒáˆ«áˆ áŒˆáƒá‰½áŠ•â¤µï¸
https://telegram.me/zemenexpress

ğŸ’¥ğŸ’¥...................................ğŸ’¥ğŸ’¥",2025-06-14T10:39:01+03:00,3794,16,,True,jpg,81766.0,9bf0ddfd97d88a0e84c024a6ca80c9576f27027675133f9a0c409944f96cae6c
@ZemenExpress,Zemen ExpressÂ®,6953,[no text],2025-06-13T14:54:51+03:00,4503,6,,True,jpg,67498.0,e3b0c44298fc1c149afbf4c8996fb92427ae41e4649b934ca495991b7852b855
@ZemenExpress,Zemen ExpressÂ®,6952,[no text],2025-06-13T14:54:51+03:00,4794,5,,True,jpg,73137.0,e3b0c44298fc1c149afbf4c8996fb92427ae41e4649b934ca495991b7852b855
@ZemenExpress,Zemen ExpressÂ®,6951,[no text],2025-06-13T14:54:51+03:00,4434,5,,True,jpg,87098.0,e3b0c44298fc1c149afbf4c8996fb92427ae41e4649b934ca495991b7852b855
@ZemenExpress,Zemen ExpressÂ®,6950,"ğŸ’¥ğŸ’¥...................................ğŸ’¥ğŸ’¥

ğŸ“ŒWaterProofÂ  Shower Cap 

ğŸ‘ reusable

á‹‹áŒ‹á¦Â  ğŸ’µğŸ·Â  200 á‰¥áˆ­

â™¦ï¸á‹áˆµáŠ• ááˆ¬ áŠá‹ á‹«áˆˆá‹ ğŸ”¥ğŸ”¥ğŸ”¥

ğŸ¢ áŠ á‹µáˆ«áˆ»ğŸ‘‰

ğŸ“â™¦ï¸#áˆ˜áŒˆáŠ“áŠ›_áˆ˜áˆ°áˆ¨á‰µ_á‹°á‹áˆ­_áˆáˆ_áˆáˆˆá‰°áŠ›_áá‰… á‰¢áˆ® á‰. S05/S06


Â Â Â Â  ğŸ’§ğŸ’§ğŸ’§ğŸ’§


Â Â Â  ğŸ“² 0902660722
Â Â Â  ğŸ“² 0928460606 

ğŸ”–
ğŸ’¬á‰ Telegram áˆˆáˆ›á‹˜á‹ â¤µï¸ á‹­áŒ á‰€áˆ™ğŸ”½

@zemencallcenter 

@zemenexpressadmin

áˆˆá‰°áŒ¨áˆ›áˆª áˆ›á‰¥áˆ«áˆªá‹« á‹¨á‰´áˆŒáŒáˆ«áˆ áŒˆáƒá‰½áŠ•â¤µï¸
https://telegram.me/zemenexpress

ğŸ’¥ğŸ’¥...................................ğŸ’¥ğŸ’¥",2025-06-13T14:54:51+03:00,4332,5,,True,jpg,92997.0,0511b88ab8654f37f3cfbd3056abd927d18f83bb300a87bc6c5c23ddc3cf1163
@ZemenExpress,Zemen ExpressÂ®,6949,[no text],2025-06-13T11:42:43+03:00,3993,3,,True,jpg,75471.0,e3b0c44298fc1c149afbf4c8996fb92427ae41e4649b934ca495991b7852b855
@ZemenExpress,Zemen ExpressÂ®,6948,[no text],2025-06-13T11:42:43+03:00,4369,3,,True,jpg,88841.0,e3b0c44298fc1c149afbf4c8996fb92427ae41e4649b934ca495991b7852b855
@ZemenExpress,Zemen ExpressÂ®,6947,"ğŸ’¥ğŸ’¥...................................ğŸ’¥ğŸ’¥

ğŸ“Œ Shock and Noise Cancelling Washing Machine Support

ğŸ‘Washer and Dryer Pedestals,Anti Slip Anti Vibration Rubber Washing Machine Feet Pads
ğŸ‘Washing Machine Stabilizer for Raise Height 
ğŸ‘Reduce Noise 4PCS

á‹‹áŒ‹á¦Â  ğŸ’²ğŸ·Â  500 á‰¥áˆ­

ğŸ“á‹áˆµáŠ• ááˆ¬ áŠá‹ á‹«áˆˆáŠ•ğŸ”¥ğŸ”¥ğŸ”¥

ğŸ¢ áŠ á‹µáˆ«áˆ»ğŸ‘‰

ğŸ“â™¦ï¸#áˆ˜áŒˆáŠ“áŠ›_áˆ˜áˆ°áˆ¨á‰µ_á‹°á‹áˆ­_áˆáˆ_áˆáˆˆá‰°áŠ›_áá‰… á‰¢áˆ® á‰. S05/S06


Â Â Â Â  ğŸ’§ğŸ’§ğŸ’§ğŸ’§


Â Â Â  ğŸ“² 0902660722
Â Â Â  ğŸ“² 0928460606 

ğŸ”–
ğŸ’¬á‰ Telegram áˆˆáˆ›á‹˜á‹ â¤µï¸ á‹­áŒ á‰€áˆ™ğŸ”½

@zemencallcenter 

@zemenexpressadmin

áˆˆá‰°áŒ¨áˆ›áˆª áˆ›á‰¥áˆ«áˆªá‹« á‹¨á‰´áˆŒáŒáˆ«áˆ áŒˆáƒá‰½áŠ•â¤µï¸
https://telegram.me/zemenexpress

ğŸ’¥ğŸ’¥...................................ğŸ’¥ğŸ’¥",2025-06-13T11:42:42+03:00,3538,3,,True,jpg,74926.0,12a2a5e1d744ea5ff3c8fd594b0bb144ab111bc44b401323d08771a4b7ff1f29
@ZemenExpress,Zemen ExpressÂ®,6946,"ğŸ’¥ğŸ’¥...................................ğŸ’¥ğŸ’¥

ğŸ“Œ Shock and Noise Cancelling Washing Machine Support

ğŸ‘Washer and Dryer Pedestals,Anti Slip Anti Vibration Rubber Washing Machine Feet Pads
ğŸ‘Washing Machine Stabilizer for Raise Height 
ğŸ‘Reduce Noise 4PCS

á‹‹áŒ‹á¦Â  ğŸ’²ğŸ·Â  500 á‰¥áˆ­

ğŸ“á‹áˆµáŠ• ááˆ¬ áŠá‹ á‹«áˆˆáŠ•ğŸ”¥ğŸ”¥ğŸ”¥

ğŸ¢ áŠ á‹µáˆ«áˆ»ğŸ‘‰

ğŸ“â™¦ï¸#áˆ˜áŒˆáŠ“áŠ›_áˆ˜áˆ°áˆ¨á‰µ_á‹°á‹áˆ­_áˆáˆ_áˆáˆˆá‰°áŠ›_áá‰… á‰¢áˆ® á‰. S05/S06


Â Â Â Â  ğŸ’§ğŸ’§ğŸ’§ğŸ’§


Â Â Â  ğŸ“² 0902660722
Â Â Â  ğŸ“² 0928460606 

ğŸ”–
ğŸ’¬á‰ Telegram áˆˆáˆ›á‹˜á‹ â¤µï¸ á‹­áŒ á‰€áˆ™ğŸ”½

@zemencallcenter 

@zemenexpressadmin

áˆˆá‰°áŒ¨áˆ›áˆª áˆ›á‰¥áˆ«áˆªá‹« á‹¨á‰´áˆŒáŒáˆ«áˆ áŒˆáƒá‰½áŠ•â¤µï¸
https://telegram.me/zemenexpress

ğŸ’¥ğŸ’¥...................................ğŸ’¥ğŸ’¥",2025-06-13T11:42:21+03:00,3960,5,,True,,,12a2a5e1d744ea5ff3c8fd594b0bb144ab111bc44b401323d08771a4b7ff1f29
@ZemenExpress,Zemen ExpressÂ®,6945,"ğŸ’¥ğŸ’¥...................................ğŸ’¥ğŸ’¥

ğŸ“Œ Shock and Noise Cancelling Washing Machine Support

ğŸ‘Washer and Dryer Pedestals,Anti Slip Anti Vibration Rubber Washing Machine Feet Pads
ğŸ‘Washing Machine Stabilizer for Raise Height 
ğŸ‘Reduce Noise 4PCS

á‹‹áŒ‹á¦Â  ğŸ’²ğŸ·Â  500 á‰¥áˆ­

ğŸ“á‹áˆµáŠ• ááˆ¬ áŠá‹ á‹«áˆˆáŠ•ğŸ”¥ğŸ”¥ğŸ”¥

ğŸ¢ áŠ á‹µáˆ«áˆ»ğŸ‘‰

ğŸ“â™¦ï¸#áˆ˜áŒˆáŠ“áŠ›_áˆ˜áˆ°áˆ¨á‰µ_á‹°á‹áˆ­_áˆáˆ_áˆáˆˆá‰°áŠ›_áá‰… á‰¢áˆ® á‰. S05/S06


Â Â Â Â  ğŸ’§ğŸ’§ğŸ’§ğŸ’§


Â Â Â  ğŸ“² 0902660722
Â Â Â  ğŸ“² 0928460606 

ğŸ”–
ğŸ’¬á‰ Telegram áˆˆáˆ›á‹˜á‹ â¤µï¸ á‹­áŒ á‰€áˆ™ğŸ”½

@zemencallcenter 

@zemenexpressadmin

áˆˆá‰°áŒ¨áˆ›áˆª áˆ›á‰¥áˆ«áˆªá‹« á‹¨á‰´áˆŒáŒáˆ«áˆ áŒˆáƒá‰½áŠ•â¤µï¸
https://telegram.me/zemenexpress

ğŸ’¥ğŸ’¥...................................ğŸ’¥ğŸ’¥",2025-06-13T11:40:17+03:00,3115,5,,True,,,12a2a5e1d744ea5ff3c8fd594b0bb144ab111bc44b401323d08771a4b7ff1f29
@ZemenExpress,Zemen ExpressÂ®,6944,[no text],2025-06-13T10:15:02+03:00,3466,6,,True,jpg,115698.0,e3b0c44298fc1c149afbf4c8996fb92427ae41e4649b934ca495991b7852b855
@ZemenExpress,Zemen ExpressÂ®,6943,[no text],2025-06-13T10:15:02+03:00,3862,6,,True,jpg,301580.0,e3b0c44298fc1c149afbf4c8996fb92427ae41e4649b934ca495991b7852b855
@ZemenExpress,Zemen ExpressÂ®,6942,[no text],2025-06-13T10:15:02+03:00,3456,6,,True,jpg,135175.0,e3b0c44298fc1c149afbf4c8996fb92427ae41e4649b934ca495991b7852b855
@ZemenExpress,Zemen ExpressÂ®,6941,[no text],2025-06-13T10:15:02+03:00,3109,6,,True,jpg,194325.0,e3b0c44298fc1c149afbf4c8996fb92427ae41e4649b934ca495991b7852b855
@ZemenExpress,Zemen ExpressÂ®,6940,[no text],2025-06-13T10:15:02+03:00,3114,7,,True,jpg,162649.0,e3b0c44298fc1c149afbf4c8996fb92427ae41e4649b934ca495991b7852b855
@ZemenExpress,Zemen ExpressÂ®,6939,"ğŸ’¥ğŸ’¥...................................ğŸ’¥ğŸ’¥

ğŸ“Œ Magic Silicone Dish Washing Gloves
ğŸ‘ High Quality (á‹ˆááˆ«áˆ™)

ğŸ‘ á‹•á‰ƒ áˆˆáˆ›áŒ á‰¥
ğŸ‘á‰¤á‰µ áˆˆáˆ›á…á‹³á‰µ
ğŸ‘áˆ˜áŠªáŠ“ áˆˆáˆ›áŒ á‰¥ 
ğŸ‘ áˆˆá‰°áˆˆá‹«á‹¨ áŠ áŒˆáˆáŒáˆá‰µ á‹¨áˆšá‹áˆ

Â á‹‹áŒ‹á¦Â  ğŸ’µğŸ·Â  350á‰¥áˆ­

â™¦ï¸á‹áˆµáŠ• ááˆ¬ áŠá‹ á‹«áˆˆá‹ ğŸ”¥ğŸ”¥ğŸ”¥

ğŸ¢ áŠ á‹µáˆ«áˆ»ğŸ‘‰

ğŸ“â™¦ï¸#áˆ˜áŒˆáŠ“áŠ›_áˆ˜áˆ°áˆ¨á‰µ_á‹°á‹áˆ­_áˆáˆ_áˆáˆˆá‰°áŠ›_áá‰… á‰¢áˆ® á‰. S05/S06


Â Â Â Â  ğŸ’§ğŸ’§ğŸ’§ğŸ’§


Â Â Â  ğŸ“² 0902660722
Â Â Â  ğŸ“² 0928460606 

ğŸ”–
ğŸ’¬á‰ Telegram áˆˆáˆ›á‹˜á‹ â¤µï¸ á‹­áŒ á‰€áˆ™ğŸ”½

@zemencallcenter 

@zemenexpressadmin

áˆˆá‰°áŒ¨áˆ›áˆª áˆ›á‰¥áˆ«áˆªá‹« á‹¨á‰´áˆŒáŒáˆ«áˆ áŒˆáƒá‰½áŠ•â¤µï¸
https://telegram.me/zemenexpress

ğŸ’¥ğŸ’¥...................................ğŸ’¥ğŸ’¥",2025-06-13T10:15:02+03:00,2954,6,,True,jpg,179670.0,28bf9be37c40532efdcf27a6d01b8cb4bd74c337d33a583608357eae1148601e
@ZemenExpress,Zemen ExpressÂ®,6938,"ğŸ’¥ğŸ’¥...................................ğŸ’¥ğŸ’¥

ğŸ“Œ Magic Silicone Dish Washing Gloves
ğŸ‘ High Quality (á‹ˆááˆ«áˆ™)

ğŸ‘ á‹•á‰ƒ áˆˆáˆ›áŒ á‰¥
ğŸ‘á‰¤á‰µ áˆˆáˆ›á…á‹³á‰µ
ğŸ‘áˆ˜áŠªáŠ“ áˆˆáˆ›áŒ á‰¥ 
ğŸ‘ áˆˆá‰°áˆˆá‹«á‹¨ áŠ áŒˆáˆáŒáˆá‰µ á‹¨áˆšá‹áˆ

Â á‹‹áŒ‹á¦Â  ğŸ’µğŸ·Â  350á‰¥áˆ­

â™¦ï¸á‹áˆµáŠ• ááˆ¬ áŠá‹ á‹«áˆˆá‹ ğŸ”¥ğŸ”¥ğŸ”¥

ğŸ¢ áŠ á‹µáˆ«áˆ»ğŸ‘‰

ğŸ“â™¦ï¸#áˆ˜áŒˆáŠ“áŠ›_áˆ˜áˆ°áˆ¨á‰µ_á‹°á‹áˆ­_áˆáˆ_áˆáˆˆá‰°áŠ›_áá‰… á‰¢áˆ® á‰. S05/S06


Â Â Â Â  ğŸ’§ğŸ’§ğŸ’§ğŸ’§


Â Â Â  ğŸ“² 0902660722
Â Â Â  ğŸ“² 0928460606 

ğŸ”–
ğŸ’¬á‰ Telegram áˆˆáˆ›á‹˜á‹ â¤µï¸ á‹­áŒ á‰€áˆ™ğŸ”½

@zemencallcenter 

@zemenexpressadmin

áˆˆá‰°áŒ¨áˆ›áˆª áˆ›á‰¥áˆ«áˆªá‹« á‹¨á‰´áˆŒáŒáˆ«áˆ áŒˆáƒá‰½áŠ•â¤µï¸
https://telegram.me/zemenexpress

ğŸ’¥ğŸ’¥...................................ğŸ’¥ğŸ’¥",2025-06-13T10:14:39+03:00,3536,8,,True,,,28bf9be37c40532efdcf27a6d01b8cb4bd74c337d33a583608357eae1148601e
@ZemenExpress,Zemen ExpressÂ®,6937,[no text],2025-06-12T13:00:05+03:00,4107,8,,True,jpg,73565.0,e3b0c44298fc1c149afbf4c8996fb92427ae41e4649b934ca495991b7852b855
@ZemenExpress,Zemen ExpressÂ®,6936,"ğŸ’¥ğŸ’¥...................................ğŸ’¥ğŸ’¥

ğŸ“Œ 13pc Portable Health Care Kit
Â Â Â  Designed For Newborn Babies

ğŸ‘ 13 pieces of baby care set, stored in a carton for easy storage & organizing

ğŸ‘Simple,Â convenientÂ andÂ easyÂ toÂ use.
ğŸ‘MadeÂ ofÂ greenÂ materialsÂ toÂ careÂ forÂ theÂ babyâ€™sÂ growth
ğŸ‘Â effectivelyÂ protectÂ babyâ€™sÂ health
ğŸ‘ğŸ’¯newÂ andÂ highÂ quality

Â Â Â Â Â á‹‹áŒ‹á¦Â  ğŸ’²ğŸ·Â  1100 á‰¥áˆ­

ğŸ””á‹áˆµáŠ• ááˆ¬ áŠá‹ á‹«áˆˆá‹ ğŸ”¥ğŸ”¥ğŸ”¥

ğŸ¢ áŠ á‹µáˆ«áˆ»ğŸ‘‰

ğŸ“â™¦ï¸#áˆ˜áŒˆáŠ“áŠ›_áˆ˜áˆ°áˆ¨á‰µ_á‹°á‹áˆ­_áˆáˆ_áˆáˆˆá‰°áŠ›_áá‰… á‰¢áˆ® á‰. S05/S06


Â Â Â Â  ğŸ’§ğŸ’§ğŸ’§ğŸ’§


Â Â Â  ğŸ“² 0902660722
Â Â Â  ğŸ“² 0928460606 

ğŸ”–
ğŸ’¬á‰ Telegram áˆˆáˆ›á‹˜á‹ â¤µï¸ á‹­áŒ á‰€áˆ™ğŸ”½

@zemencallcenter 

@zemenexpressadmin

áˆˆá‰°áŒ¨áˆ›áˆª áˆ›á‰¥áˆ«áˆªá‹« á‹¨á‰´áˆŒáŒáˆ«áˆ áŒˆáƒá‰½áŠ•â¤µï¸
https://telegram.me/zemenexpress

ğŸ’¥ğŸ’¥...................................ğŸ’¥ğŸ’¥",2025-06-12T13:00:05+03:00,4119,8,,True,jpg,68755.0,f5d8f15bdf7d4c902deb6b1531225ed0be55a8777b2d2601eec33683b82a899b
@ZemenExpress,Zemen ExpressÂ®,6935,[no text],2025-06-12T07:52:52+03:00,4033,5,,True,jpg,47241.0,e3b0c44298fc1c149afbf4c8996fb92427ae41e4649b934ca495991b7852b855
@ZemenExpress,Zemen ExpressÂ®,6934,[no text],2025-06-12T07:52:52+03:00,4333,5,,True,jpg,39118.0,e3b0c44298fc1c149afbf4c8996fb92427ae41e4649b934ca495991b7852b855
@ZemenExpress,Zemen ExpressÂ®,6933,"ğŸ’¥ğŸ’¥...................................ğŸ’¥ğŸ’¥

ğŸ¯ **Three-layer Baby Milk Powder Container** 
Â Â Â Â Â Â  ğŸ’¯__ High Quality __

ğŸ‘__ Three Layer No-Spill Baby Feeding Milk Powder Food Dispenser. A perfect storage for travel or home use.__

ğŸ‘__áŠ¥áŠ“á‰µ áˆáŒ‡áŠ• á‹­á‹› á‹¨á‰°áˆˆá‹«á‹¨ á‰¦á‰³ áˆµá‰µáŠ•á‰€áˆ³á‰€áˆµ
á‹¨á‹±á‰„á‰µ á‹ˆá‰°á‰µ á‹¨áˆ˜áˆ³áˆ°áˆ‰á‰µáŠ• áŠ áˆµáˆáˆ‹áŒŠ á‹¨áˆáŒ†á‰½ áˆáŒá‰¥ á‹­á‹ áˆˆáˆ˜áŠ•á‰€áˆ³á‰€áˆµ á‹¨áˆšáˆ¨á‹³ 3 á“áˆ­á‰²áˆ½áŠ• á‹«áˆˆá‹ áŠ áˆªá áŠ®áŠ•á‰´áŠáˆ­__

Â á‹‹áŒ‹á¦Â  ğŸ’µğŸ·Â  550á‰¥áˆ­

â™¦ï¸á‹áˆµáŠ• ááˆ¬ áŠá‹ á‹«áˆˆá‹ ğŸ”¥ğŸ”¥ğŸ”¥

ğŸ¢ áŠ á‹µáˆ«áˆ»ğŸ‘‰

ğŸ“â™¦ï¸#áˆ˜áŒˆáŠ“áŠ›_áˆ˜áˆ°áˆ¨á‰µ_á‹°á‹áˆ­_áˆáˆ_áˆáˆˆá‰°áŠ›_áá‰… á‰¢áˆ® á‰. S05/S06


Â Â Â Â  ğŸ’§ğŸ’§ğŸ’§ğŸ’§


Â Â Â  ğŸ“² 0902660722
Â Â Â  ğŸ“² 0928460606 

ğŸ”–
ğŸ’¬á‰ Telegram áˆˆáˆ›á‹˜á‹ â¤µï¸ á‹­áŒ á‰€áˆ™ğŸ”½

@zemencallcenter 

@zemenexpressadmin

áˆˆá‰°áŒ¨áˆ›áˆª áˆ›á‰¥áˆ«áˆªá‹« á‹¨á‰´áˆŒáŒáˆ«áˆ áŒˆáƒá‰½áŠ•â¤µï¸
https://telegram.me/zemenexpress

ğŸ’¥ğŸ’¥...................................ğŸ’¥ğŸ’¥",2025-06-12T07:52:52+03:00,3488,5,,True,jpg,23387.0,936db928b7473c2f388272ee4c6eaa906e792b2afefc0fcf5cc824aa85744caa
@ZemenExpress,Zemen ExpressÂ®,6932,"ğŸ’¥ğŸ’¥...................................ğŸ’¥ğŸ’¥

ğŸ¯ **Three-layer Baby Milk Powder Container** 
Â Â Â Â Â Â  ğŸ’¯__ High Quality __

ğŸ‘__ Three Layer No-Spill Baby Feeding Milk Powder Food Dispenser. A perfect storage for travel or home use.__

ğŸ‘__áŠ¥áŠ“á‰µ áˆáŒ‡áŠ• á‹­á‹› á‹¨á‰°áˆˆá‹«á‹¨ á‰¦á‰³ áˆµá‰µáŠ•á‰€áˆ³á‰€áˆµ
á‹¨á‹±á‰„á‰µ á‹ˆá‰°á‰µ á‹¨áˆ˜áˆ³áˆ°áˆ‰á‰µáŠ• áŠ áˆµáˆáˆ‹áŒŠ á‹¨áˆáŒ†á‰½ áˆáŒá‰¥ á‹­á‹ áˆˆáˆ˜áŠ•á‰€áˆ³á‰€áˆµ á‹¨áˆšáˆ¨á‹³ 3 á“áˆ­á‰²áˆ½áŠ• á‹«áˆˆá‹ áŠ áˆªá áŠ®áŠ•á‰´áŠáˆ­__

Â á‹‹áŒ‹á¦Â  ğŸ’µğŸ·Â  500á‰¥áˆ­

â™¦ï¸á‹áˆµáŠ• ááˆ¬ áŠá‹ á‹«áˆˆá‹ ğŸ”¥ğŸ”¥ğŸ”¥

ğŸ¢ áŠ á‹µáˆ«áˆ»ğŸ‘‰

ğŸ“â™¦ï¸#áˆ˜áŒˆáŠ“áŠ›_áˆ˜áˆ°áˆ¨á‰µ_á‹°á‹áˆ­_áˆáˆ_áˆáˆˆá‰°áŠ›_áá‰… á‰¢áˆ® á‰. S05/S06


Â Â Â Â  ğŸ’§ğŸ’§ğŸ’§ğŸ’§


Â Â Â  ğŸ“² 0902660722
Â Â Â  ğŸ“² 0928460606 

ğŸ”–
ğŸ’¬á‰ Telegram áˆˆáˆ›á‹˜á‹ â¤µï¸ á‹­áŒ á‰€áˆ™ğŸ”½

@zemencallcenter 

@zemenexpressadmin

áˆˆá‰°áŒ¨áˆ›áˆª áˆ›á‰¥áˆ«áˆªá‹« á‹¨á‰´áˆŒáŒáˆ«áˆ áŒˆáƒá‰½áŠ•â¤µï¸
https://telegram.me/zemenexpress

ğŸ’¥ğŸ’¥...................................ğŸ’¥ğŸ’¥",2025-06-12T07:52:31+03:00,3792,2,,True,,,de0de38703c1323fd15895b30adc0e4c5cd809bfdad94f0b6803a663c66f5c23
@ZemenExpress,Zemen ExpressÂ®,6931,[no text],2025-06-11T07:56:32+03:00,4379,11,,True,jpg,26595.0,e3b0c44298fc1c149afbf4c8996fb92427ae41e4649b934ca495991b7852b855
@ZemenExpress,Zemen ExpressÂ®,6930,[no text],2025-06-11T07:56:31+03:00,4480,11,,True,jpg,36183.0,e3b0c44298fc1c149afbf4c8996fb92427ae41e4649b934ca495991b7852b855
@ZemenExpress,Zemen ExpressÂ®,6929,"ğŸ’¥ğŸ‘€ áŠ áˆá‰‹áˆ áˆˆá‰°á‰£áˆ‹á‰½áˆ á‰ á‹µáŒ‹áˆœ áŒˆá‰¥á‰·áˆ ğŸ’¥ğŸ’¥

ğŸ“Œ Only baby 3in1 double bottle milk warmer,sterilizer,food steamer

âš¡ï¸áˆˆáˆ•áƒáŠ• á‹ˆá‰°á‰µ áˆ›áˆá‰‚á‹«
âš ï¸ á‰ á‰°áŒ¨áˆ›áˆª áˆáŒá‰¥ áˆˆáˆ˜á‰€á‰€áˆ á‹¨áˆšáˆ†áŠ• 

á‹‹áŒ‹á¦Â  ğŸ’²ğŸ·Â 3000Â  á‰¥áˆ­

â™¦ï¸á‹áˆµáŠ• ááˆ¬ áŠá‹ á‹«áˆˆá‹ğŸ”¥ğŸ”¥ğŸ”¥

ğŸ¢ áŠ á‹µáˆ«áˆ»ğŸ‘‰

ğŸ“â™¦ï¸#áˆ˜áŒˆáŠ“áŠ›_áˆ˜áˆ°áˆ¨á‰µ_á‹°á‹áˆ­_áˆáˆ_áˆáˆˆá‰°áŠ›_áá‰… á‰¢áˆ® á‰. S05/S06


Â Â Â Â  ğŸ’§ğŸ’§ğŸ’§ğŸ’§


Â Â Â  ğŸ“² 0902660722
Â Â Â  ğŸ“² 0928460606 

ğŸ”–
ğŸ’¬á‰ Telegram áˆˆáˆ›á‹˜á‹ â¤µï¸ á‹­áŒ á‰€áˆ™ğŸ”½

@zemencallcenter 

@zemenexpressadmin

áˆˆá‰°áŒ¨áˆ›áˆª áˆ›á‰¥áˆ«áˆªá‹« á‹¨á‰´áˆŒáŒáˆ«áˆ áŒˆáƒá‰½áŠ•â¤µï¸
https://telegram.me/zemenexpress

ğŸ’¥ğŸ’¥...................................ğŸ’¥ğŸ’¥",2025-06-11T07:56:31+03:00,4167,11,,True,jpg,68972.0,aa2b6437a010cd51854237a1ef9cd0d250dd3d1945eb48036c75799cbc2446da
@ZemenExpress,Zemen ExpressÂ®,6925,[no text],2025-06-11T07:54:56+03:00,4105,3,,True,jpg,29636.0,e3b0c44298fc1c149afbf4c8996fb92427ae41e4649b934ca495991b7852b855
@ZemenExpress,Zemen ExpressÂ®,6924,[no text],2025-06-11T07:54:56+03:00,4421,3,,True,jpg,142901.0,e3b0c44298fc1c149afbf4c8996fb92427ae41e4649b934ca495991b7852b855
@ZemenExpress,Zemen ExpressÂ®,6923,"ğŸ’¥ğŸ‘€ áŠ áˆá‰‹áˆ áˆˆá‰°á‰£áˆ‹á‰½áˆ á‰ á‹µáŒ‹áˆœ áŒˆá‰¥á‰·áˆ ğŸ’¥ğŸ’¥

ğŸ“Œ Only baby 3in1 double bottle milk warmer,sterilizer,food steamer

âš¡ï¸áˆˆáˆ•áƒáŠ• á‹ˆá‰°á‰µ áˆ›áˆá‰‚á‹«
âš ï¸ á‰ á‰°áŒ¨áˆ›áˆª áˆáŒá‰¥ áˆˆáˆ˜á‰€á‰€áˆ á‹¨áˆšáˆ†áŠ• 

á‹‹áŒ‹á¦Â  ğŸ’²ğŸ·Â 3000Â  á‰¥áˆ­

â™¦ï¸á‹áˆµáŠ• ááˆ¬ áŠá‹ á‹«áˆˆá‹ğŸ”¥ğŸ”¥ğŸ”¥

ğŸ¢ áŠ á‹µáˆ«áˆ»ğŸ‘‰

ğŸ“â™¦ï¸#áˆ˜áŒˆáŠ“áŠ›_áˆ˜áˆ°áˆ¨á‰µ_á‹°á‹áˆ­_áˆáˆ_áˆáˆˆá‰°áŠ›_áá‰… á‰¢áˆ® á‰. S05/S06


Â Â Â Â  ğŸ’§ğŸ’§ğŸ’§ğŸ’§


Â Â Â  ğŸ“² 0902660722
Â Â Â  ğŸ“² 0928460606 

ğŸ”–
ğŸ’¬á‰ Telegram áˆˆáˆ›á‹˜á‹ â¤µï¸ á‹­áŒ á‰€áˆ™ğŸ”½

@zemencallcenter 

@zemenexpressadmin

áˆˆá‰°áŒ¨áˆ›áˆª áˆ›á‰¥áˆ«áˆªá‹« á‹¨á‰´áˆŒáŒáˆ«áˆ áŒˆáƒá‰½áŠ•â¤µï¸
https://telegram.me/zemenexpress

ğŸ’¥ğŸ’¥...................................ğŸ’¥ğŸ’¥",2025-06-11T07:54:56+03:00,3662,3,,True,jpg,64579.0,aa2b6437a010cd51854237a1ef9cd0d250dd3d1945eb48036c75799cbc2446da
@ZemenExpress,Zemen ExpressÂ®,6922,[no text],2025-06-10T12:31:58+03:00,4779,17,,True,jpg,92030.0,e3b0c44298fc1c149afbf4c8996fb92427ae41e4649b934ca495991b7852b855
@ZemenExpress,Zemen ExpressÂ®,6921,[no text],2025-06-10T12:31:58+03:00,4982,19,,True,jpg,101854.0,e3b0c44298fc1c149afbf4c8996fb92427ae41e4649b934ca495991b7852b855
@ZemenExpress,Zemen ExpressÂ®,6920,[no text],2025-06-10T12:31:58+03:00,4173,18,,True,jpg,93000.0,e3b0c44298fc1c149afbf4c8996fb92427ae41e4649b934ca495991b7852b855
@ZemenExpress,Zemen ExpressÂ®,6919,[no text],2025-06-10T12:31:58+03:00,4251,17,,True,jpg,130355.0,e3b0c44298fc1c149afbf4c8996fb92427ae41e4649b934ca495991b7852b855
@ZemenExpress,Zemen ExpressÂ®,6918,[no text],2025-06-10T12:31:58+03:00,4132,17,,True,jpg,104236.0,e3b0c44298fc1c149afbf4c8996fb92427ae41e4649b934ca495991b7852b855
@ZemenExpress,Zemen ExpressÂ®,6917,"ğŸ’¥ğŸ’¥...................................ğŸ’¥ğŸ’¥

ğŸ“Œ Mini Pocket UV Umbrella

ğŸ‘ á‹¨á‰€áˆˆáˆ áŠ áˆ›áˆ«áŒ­ áŠ áˆ‹á‰¸á‹

â˜”á‰ áŒ£áˆ á‰€áˆ‹áˆá£ áˆˆáˆ˜á‹«á‹ áˆá‰¹ áŒ¥áˆ‹ â˜”ï¸
â˜”á‰ á‰µáŠ•áˆ½ á‹¨áŠ¥áŒ… á‰¦áˆ­áˆ³ á‹ˆá‹­áˆ á‰ áŠªáˆµ áˆ˜á‹«á‹ á‹¨áˆšá‰½áˆâ˜”

#Specifications: 
ğŸ‘Compact & Light-Weight
ğŸ‘Unique Design
ğŸ‘UV protection

Â á‹‹áŒ‹á¦Â  ğŸ’µğŸ·Â  1000á‰¥áˆ­

â™¦ï¸á‹áˆµáŠ• ááˆ¬ áŠá‹ á‹«áˆˆá‹ ğŸ”¥ğŸ”¥ğŸ”¥

ğŸ¢ áŠ á‹µáˆ«áˆ»ğŸ‘‰

ğŸ“â™¦ï¸#áˆ˜áŒˆáŠ“áŠ›_áˆ˜áˆ°áˆ¨á‰µ_á‹°á‹áˆ­_áˆáˆ_áˆáˆˆá‰°áŠ›_áá‰… á‰¢áˆ® á‰. S05/S06


Â Â Â Â  ğŸ’§ğŸ’§ğŸ’§ğŸ’§


Â Â Â  ğŸ“² 0902660722
Â Â Â  ğŸ“² 0928460606 

ğŸ”–
ğŸ’¬á‰ Telegram áˆˆáˆ›á‹˜á‹ â¤µï¸ á‹­áŒ á‰€áˆ™ğŸ”½

@zemencallcenter 

@zemenexpressadmin

áˆˆá‰°áŒ¨áˆ›áˆª áˆ›á‰¥áˆ«áˆªá‹« á‹¨á‰´áˆŒáŒáˆ«áˆ áŒˆáƒá‰½áŠ•â¤µï¸
https://telegram.me/zemenexpress

ğŸ’¥ğŸ’¥...................................ğŸ’¥ğŸ’¥",2025-06-10T12:31:58+03:00,3914,17,,True,jpg,113603.0,adbf7b5d02291178663cc3e0ce6c59c441f302627e4d13aac3c4191f6d15af72
@ZemenExpress,Zemen ExpressÂ®,6916,"ğŸ’¥ğŸ’¥...................................ğŸ’¥ğŸ’¥

ğŸ“Œ Mini Pocket UV Umbrella

ğŸ‘ á‹¨á‰€áˆˆáˆ áŠ áˆ›áˆ«áŒ­ áŠ áˆ‹á‰¸á‹

â˜”á‰ áŒ£áˆ á‰€áˆ‹áˆá£ áˆˆáˆ˜á‹«á‹ áˆá‰¹ áŒ¥áˆ‹ â˜”ï¸
â˜”á‰ á‰µáŠ•áˆ½ á‹¨áŠ¥áŒ… á‰¦áˆ­áˆ³ á‹ˆá‹­áˆ á‰ áŠªáˆµ áˆ˜á‹«á‹ á‹¨áˆšá‰½áˆâ˜”

#Specifications: 
ğŸ‘Compact & Light-Weight
ğŸ‘Unique Design
ğŸ‘UV protection

Â á‹‹áŒ‹á¦Â  ğŸ’µğŸ·Â  1000á‰¥áˆ­

â™¦ï¸á‹áˆµáŠ• ááˆ¬ áŠá‹ á‹«áˆˆá‹ ğŸ”¥ğŸ”¥ğŸ”¥

ğŸ¢ áŠ á‹µáˆ«áˆ»ğŸ‘‰

ğŸ“â™¦ï¸#áˆ˜áŒˆáŠ“áŠ›_áˆ˜áˆ°áˆ¨á‰µ_á‹°á‹áˆ­_áˆáˆ_áˆáˆˆá‰°áŠ›_áá‰… á‰¢áˆ® á‰. S05/S06


Â Â Â Â  ğŸ’§ğŸ’§ğŸ’§ğŸ’§


Â Â Â  ğŸ“² 0902660722
Â Â Â  ğŸ“² 0928460606 

ğŸ”–
ğŸ’¬á‰ Telegram áˆˆáˆ›á‹˜á‹ â¤µï¸ á‹­áŒ á‰€áˆ™ğŸ”½

@zemencallcenter 

@zemenexpressadmin

áˆˆá‰°áŒ¨áˆ›áˆª áˆ›á‰¥áˆ«áˆªá‹« á‹¨á‰´áˆŒáŒáˆ«áˆ áŒˆáƒá‰½áŠ•â¤µï¸
https://telegram.me/zemenexpress

ğŸ’¥ğŸ’¥...................................ğŸ’¥ğŸ’¥",2025-06-10T12:31:36+03:00,3905,18,,True,,,adbf7b5d02291178663cc3e0ce6c59c441f302627e4d13aac3c4191f6d15af72
@ZemenExpress,Zemen ExpressÂ®,6915,[no text],2025-06-09T15:49:32+03:00,4705,11,,True,jpg,144832.0,e3b0c44298fc1c149afbf4c8996fb92427ae41e4649b934ca495991b7852b855
@ZemenExpress,Zemen ExpressÂ®,6914,[no text],2025-06-09T15:49:32+03:00,4892,11,,True,jpg,128454.0,e3b0c44298fc1c149afbf4c8996fb92427ae41e4649b934ca495991b7852b855
@ZemenExpress,Zemen ExpressÂ®,6913,[no text],2025-06-09T15:49:32+03:00,4787,11,,True,jpg,90058.0,e3b0c44298fc1c149afbf4c8996fb92427ae41e4649b934ca495991b7852b855
@ZemenExpress,Zemen ExpressÂ®,6912,"ğŸ’¥ğŸ’¥...................................ğŸ’¥ğŸ’¥

ğŸ“ŒWaterproofÂ  Baby Urine Mat Cover

âœ”ï¸á‹áˆƒ á‹¨áˆ›á‹«áˆµáŒˆá‰£ áŠ¥áŠ•á‹°áŒˆáŠ“ áˆŠá‰³áŒ á‰¥ á‹¨áˆšá‰½áˆ á‹¨áˆ•áƒáŠ• á‹¨áˆ½áŠ•á‰µ áˆáŠ•áŒ£áá¢
âœ”ï¸ á‰ á‰°áŒ¨áˆ›áˆªáˆ á‹³á‹­ááˆ­ áˆˆáˆ˜á‰€á‹¨áˆ­ á‹¨áˆšá‹«áŒˆáˆˆáŒáˆ

âœ”ï¸Reusable 
âœ”ï¸Washable

âš ï¸Size: 1mÃ—80cm

á‹‹áŒ‹á¦Â ğŸ’µğŸ· 650á‰¥áˆ­âœ…

â™¦ï¸á‹áˆµáŠ• ááˆ¬ áŠá‹ á‹«áˆˆá‹ ğŸ”¥ğŸ”¥ğŸ”¥

ğŸ¢ áŠ á‹µáˆ«áˆ»ğŸ‘‰

ğŸ“â™¦ï¸#áˆ˜áŒˆáŠ“áŠ›_áˆ˜áˆ°áˆ¨á‰µ_á‹°á‹áˆ­_áˆáˆ_áˆáˆˆá‰°áŠ›_áá‰… á‰¢áˆ® á‰. S05/S06


Â Â Â Â  ğŸ’§ğŸ’§ğŸ’§ğŸ’§


Â Â Â  ğŸ“² 0902660722
Â Â Â  ğŸ“² 0928460606 

ğŸ”–
ğŸ’¬á‰ Telegram áˆˆáˆ›á‹˜á‹ â¤µï¸ á‹­áŒ á‰€áˆ™ğŸ”½

@zemencallcenter 

@zemenexpressadmin

áˆˆá‰°áŒ¨áˆ›áˆª áˆ›á‰¥áˆ«áˆªá‹« á‹¨á‰´áˆŒáŒáˆ«áˆ áŒˆáƒá‰½áŠ•â¤µï¸
https://telegram.me/zemenexpress

ğŸ’¥ğŸ’¥...................................ğŸ’¥ğŸ’¥",2025-06-09T15:49:32+03:00,4494,13,,True,jpg,93006.0,0143cc0e99ebea8dd3638db9b5f66fa675f928405834e7fba0d4bb73dd248f54
@ZemenExpress,Zemen ExpressÂ®,6911,[no text],2025-06-09T10:44:27+03:00,4695,9,,True,jpg,69835.0,e3b0c44298fc1c149afbf4c8996fb92427ae41e4649b934ca495991b7852b855
@ZemenExpress,Zemen ExpressÂ®,6910,[no text],2025-06-09T10:44:27+03:00,4786,9,,True,jpg,86261.0,e3b0c44298fc1c149afbf4c8996fb92427ae41e4649b934ca495991b7852b855
@ZemenExpress,Zemen ExpressÂ®,6909,[no text],2025-06-09T10:44:27+03:00,4520,9,,True,jpg,33024.0,e3b0c44298fc1c149afbf4c8996fb92427ae41e4649b934ca495991b7852b855
@ZemenExpress,Zemen ExpressÂ®,6908,"ğŸ’¥ğŸ’¥...................................ğŸ’¥ğŸ’¥

ğŸ“ŒSpace triangles for hangers
Â  ğŸ‘ 12pcs

Â á‹‹áŒ‹á¦Â  ğŸ’µğŸ·Â  400á‰¥áˆ­

â™¦ï¸á‹áˆµáŠ• ááˆ¬ áŠá‹ á‹«áˆˆá‹ ğŸ”¥ğŸ”¥ğŸ”¥

ğŸ¢ áŠ á‹µáˆ«áˆ»ğŸ‘‰

ğŸ“â™¦ï¸#áˆ˜áŒˆáŠ“áŠ›_áˆ˜áˆ°áˆ¨á‰µ_á‹°á‹áˆ­_áˆáˆ_áˆáˆˆá‰°áŠ›_áá‰… á‰¢áˆ® á‰. S05/S06


Â Â Â Â  ğŸ’§ğŸ’§ğŸ’§ğŸ’§


Â Â Â  ğŸ“² 0902660722
Â Â Â  ğŸ“² 0928460606 

ğŸ”–
ğŸ’¬á‰ Telegram áˆˆáˆ›á‹˜á‹ â¤µï¸ á‹­áŒ á‰€áˆ™ğŸ”½

@zemencallcenter 

@zemenexpressadmin

áˆˆá‰°áŒ¨áˆ›áˆª áˆ›á‰¥áˆ«áˆªá‹« á‹¨á‰´áˆŒáŒáˆ«áˆ áŒˆáƒá‰½áŠ•â¤µï¸
https://telegram.me/zemenexpress

ğŸ’¥ğŸ’¥...................................ğŸ’¥ğŸ’¥",2025-06-09T10:44:27+03:00,4412,10,,True,jpg,85987.0,8be5b8f103598932590ac0de2b5f6b316e9e0874216908f32714fe469bd86ec1
@ZemenExpress,Zemen ExpressÂ®,6907,"ğŸ’¥ğŸ’¥...................................ğŸ’¥ğŸ’¥

ğŸ“ŒSpace triangles for hangers
Â  ğŸ‘ 12pcs

Â á‹‹áŒ‹á¦Â  ğŸ’µğŸ·Â  400á‰¥áˆ­

â™¦ï¸á‹áˆµáŠ• ááˆ¬ áŠá‹ á‹«áˆˆá‹ ğŸ”¥ğŸ”¥ğŸ”¥

ğŸ¢ áŠ á‹µáˆ«áˆ»ğŸ‘‰

ğŸ“â™¦ï¸#áˆ˜áŒˆáŠ“áŠ›_áˆ˜áˆ°áˆ¨á‰µ_á‹°á‹áˆ­_áˆáˆ_áˆáˆˆá‰°áŠ›_áá‰… á‰¢áˆ® á‰. S05/S06


Â Â Â Â  ğŸ’§ğŸ’§ğŸ’§ğŸ’§


Â Â Â  ğŸ“² 0902660722
Â Â Â  ğŸ“² 0928460606 

ğŸ”–
ğŸ’¬á‰ Telegram áˆˆáˆ›á‹˜á‹ â¤µï¸ á‹­áŒ á‰€áˆ™ğŸ”½

@zemencallcenter 

@zemenexpressadmin

áˆˆá‰°áŒ¨áˆ›áˆª áˆ›á‰¥áˆ«áˆªá‹« á‹¨á‰´áˆŒáŒáˆ«áˆ áŒˆáƒá‰½áŠ•â¤µï¸
https://telegram.me/zemenexpress

ğŸ’¥ğŸ’¥...................................ğŸ’¥ğŸ’¥",2025-06-09T10:44:16+03:00,3871,7,,True,,,8be5b8f103598932590ac0de2b5f6b316e9e0874216908f32714fe469bd86ec1
@ZemenExpress,Zemen ExpressÂ®,6906,"ğŸ’¥ğŸ’¥...................................ğŸ’¥ğŸ’¥

ğŸ“ŒDoor Bottom Seal Strip Stopper
ğŸ‘á‰ á‰ áˆ­á‹ áˆµáˆ­ áŠ á‰§áˆ« áŠ¥áŠ“ áŠááˆ³á‰µ áŠ¥áŠ•á‹³á‹­áŒˆá‰£ 
Â Â Â  á‹¨áˆšáŠ¨áˆ‹áŠ¨áˆ!!!
ğŸ’¯ High Quality 
Â®ï¸ áŠ áŠ•á‹°áŠ›á‹ á‹ˆááˆ«áˆ™ 

ğŸ”°Keep Hot and Cold Air isolated 
ğŸ”° Reduce The Noise Outside and Door slamming 
ğŸ”° No ğŸ¦Ÿ ğŸª° ğŸ€ ğŸª³ğŸ•·ï¸ğŸ›ğŸ¦—
Â Â Â 

Â á‹‹áŒ‹á¦Â  ğŸ’µğŸ·Â  400á‰¥áˆ­

â™¦ï¸á‹áˆµáŠ• ááˆ¬ áŠá‹ á‹«áˆˆá‹ ğŸ”¥ğŸ”¥ğŸ”¥

ğŸ¢ áŠ á‹µáˆ«áˆ»ğŸ‘‰

ğŸ“â™¦ï¸#áˆ˜áŒˆáŠ“áŠ›_áˆ˜áˆ°áˆ¨á‰µ_á‹°á‹áˆ­_áˆáˆ_áˆáˆˆá‰°áŠ›_áá‰… á‰¢áˆ® á‰. S05/S06


Â Â Â Â  ğŸ’§ğŸ’§ğŸ’§ğŸ’§


Â Â Â  ğŸ“² 0902660722
Â Â Â  ğŸ“² 0928460606 

ğŸ”–
ğŸ’¬á‰ Telegram áˆˆáˆ›á‹˜á‹ â¤µï¸ á‹­áŒ á‰€áˆ™ğŸ”½

@zemencallcenter 

@zemenexpressadmin

áˆˆá‰°áŒ¨áˆ›áˆª áˆ›á‰¥áˆ«áˆªá‹« á‹¨á‰´áˆŒáŒáˆ«áˆ áŒˆáƒá‰½áŠ•â¤µï¸
https://telegram.me/zemenexpress

ğŸ’¥ğŸ’¥...................................ğŸ’¥ğŸ’¥",2025-06-09T10:31:16+03:00,3522,10,,True,jpg,169572.0,bea174c3cbc15675ff414aa877b9b4614db75cc4456f5b4daefa5f755f8021ca
@ZemenExpress,Zemen ExpressÂ®,6905,"ğŸ’¥ğŸ’¥...................................ğŸ’¥ğŸ’¥

ğŸ“ŒDoor Bottom Seal Strip Stopper
ğŸ‘á‰ á‰ áˆ­á‹ áˆµáˆ­ áŠ á‰§áˆ« áŠ¥áŠ“ áŠááˆ³á‰µ áŠ¥áŠ•á‹³á‹­áŒˆá‰£ 
Â Â Â  á‹¨áˆšáŠ¨áˆ‹áŠ¨áˆ!!!
ğŸ’¯ High Quality 
Â®ï¸ áŠ áŠ•á‹°áŠ›á‹ á‹ˆááˆ«áˆ™ 

ğŸ”°Keep Hot and Cold Air isolated 
ğŸ”° Reduce The Noise Outside and Door slamming 
ğŸ”° No ğŸ¦Ÿ ğŸª° ğŸ€ ğŸª³ğŸ•·ï¸ğŸ›ğŸ¦—
Â Â Â 

Â á‹‹áŒ‹á¦Â  ğŸ’µğŸ·Â  400á‰¥áˆ­

â™¦ï¸á‹áˆµáŠ• ááˆ¬ áŠá‹ á‹«áˆˆá‹ ğŸ”¥ğŸ”¥ğŸ”¥

ğŸ¢ áŠ á‹µáˆ«áˆ»ğŸ‘‰

ğŸ“â™¦ï¸#áˆ˜áŒˆáŠ“áŠ›_áˆ˜áˆ°áˆ¨á‰µ_á‹°á‹áˆ­_áˆáˆ_áˆáˆˆá‰°áŠ›_áá‰… á‰¢áˆ® á‰. S05/S06


Â Â Â Â  ğŸ’§ğŸ’§ğŸ’§ğŸ’§


Â Â Â  ğŸ“² 0902660722
Â Â Â  ğŸ“² 0928460606 

ğŸ”–
ğŸ’¬á‰ Telegram áˆˆáˆ›á‹˜á‹ â¤µï¸ á‹­áŒ á‰€áˆ™ğŸ”½

@zemencallcenter 

@zemenexpressadmin

áˆˆá‰°áŒ¨áˆ›áˆª áˆ›á‰¥áˆ«áˆªá‹« á‹¨á‰´áˆŒáŒáˆ«áˆ áŒˆáƒá‰½áŠ•â¤µï¸
https://telegram.me/zemenexpress

ğŸ’¥ğŸ’¥...................................ğŸ’¥ğŸ’¥",2025-06-09T10:31:08+03:00,3864,3,,True,,,bea174c3cbc15675ff414aa877b9b4614db75cc4456f5b4daefa5f755f8021ca
@ZemenExpress,Zemen ExpressÂ®,6904,[no text],2025-06-06T15:01:25+03:00,5964,5,,True,jpg,28702.0,e3b0c44298fc1c149afbf4c8996fb92427ae41e4649b934ca495991b7852b855
@ZemenExpress,Zemen ExpressÂ®,6903,[no text],2025-06-06T15:01:25+03:00,6122,5,,True,jpg,131206.0,e3b0c44298fc1c149afbf4c8996fb92427ae41e4649b934ca495991b7852b855
@ZemenExpress,Zemen ExpressÂ®,6902,[no text],2025-06-06T15:01:25+03:00,5528,5,,True,jpg,88550.0,e3b0c44298fc1c149afbf4c8996fb92427ae41e4649b934ca495991b7852b855
@ZemenExpress,Zemen ExpressÂ®,6901,[no text],2025-06-06T15:01:25+03:00,4891,5,,True,jpg,89454.0,e3b0c44298fc1c149afbf4c8996fb92427ae41e4649b934ca495991b7852b855
@ZemenExpress,Zemen ExpressÂ®,6900,"ğŸ’¥ğŸ’¥...................................ğŸ’¥ğŸ’¥

ğŸ“ŒOne Fire Table Lamp

ğŸ‘á‰ á‰°á‰½ á‹¨áˆšáˆ°áˆ« 
ğŸ‘á‰»áˆ­áŒ… á‹¨áˆšá‹°áˆ¨áŒ 
ğŸ‘áˆˆáˆ˜áŠá‰³ á‰¤á‰µ á£ áˆˆáˆ³áˆáŠ• á£ áˆˆ áˆ†á‰´áˆá‰½ áŠ¥áŠ•á‹²áˆáˆ áˆˆá‰£á‹ áˆ©áˆ

á‹‹áŒ‹á¦Â  ğŸ’²ğŸ·Â  1900á‰¥áˆ­

â™¦ï¸á‹áˆµáŠ• ááˆ¬ áŠá‹ á‹«áˆˆá‹ ğŸ”¥ğŸ”¥ğŸ”¥

ğŸ¢ áŠ á‹µáˆ«áˆ»ğŸ‘‰

ğŸ“â™¦ï¸#áˆ˜áŒˆáŠ“áŠ›_áˆ˜áˆ°áˆ¨á‰µ_á‹°á‹áˆ­_áˆáˆ_áˆáˆˆá‰°áŠ›_áá‰… á‰¢áˆ® á‰. S05/S06


Â Â Â Â  ğŸ’§ğŸ’§ğŸ’§ğŸ’§


Â Â Â  ğŸ“² 0902660722
Â Â Â  ğŸ“² 0928460606 

ğŸ”–
ğŸ’¬á‰ Telegram áˆˆáˆ›á‹˜á‹ â¤µï¸ á‹­áŒ á‰€áˆ™ğŸ”½

@zemencallcenter 

@zemenexpressadmin

áˆˆá‰°áŒ¨áˆ›áˆª áˆ›á‰¥áˆ«áˆªá‹« á‹¨á‰´áˆŒáŒáˆ«áˆ áŒˆáƒá‰½áŠ•â¤µï¸
https://telegram.me/zemenexpress

ğŸ’¥ğŸ’¥...................................ğŸ’¥ğŸ’¥",2025-06-06T15:01:25+03:00,4528,5,,True,jpg,102677.0,d5b63306441c2df8708df4cd73fc3f89e2ea424705964f7a4184dc29026b6852
@ZemenExpress,Zemen ExpressÂ®,6899,"ğŸ’¥ğŸ’¥...................................ğŸ’¥ğŸ’¥

ğŸ“ŒOne Fire Table Lamp

ğŸ‘á‰ á‰°á‰½ á‹¨áˆšáˆ°áˆ« 
ğŸ‘á‰»áˆ­áŒ… á‹¨áˆšá‹°áˆ¨áŒ 
ğŸ‘áˆˆáˆ˜áŠá‰³ á‰¤á‰µ á£ áˆˆáˆ³áˆáŠ• á£ áˆˆ áˆ†á‰´áˆá‰½ áŠ¥áŠ•á‹²áˆáˆ áˆˆá‰£á‹ áˆ©áˆ

á‹‹áŒ‹á¦Â  ğŸ’²ğŸ·Â  1900á‰¥áˆ­

â™¦ï¸á‹áˆµáŠ• ááˆ¬ áŠá‹ á‹«áˆˆá‹ ğŸ”¥ğŸ”¥ğŸ”¥

ğŸ¢ áŠ á‹µáˆ«áˆ»ğŸ‘‰

ğŸ“â™¦ï¸#áˆ˜áŒˆáŠ“áŠ›_áˆ˜áˆ°áˆ¨á‰µ_á‹°á‹áˆ­_áˆáˆ_áˆáˆˆá‰°áŠ›_áá‰… á‰¢áˆ® á‰. S05/S06


Â Â Â Â  ğŸ’§ğŸ’§ğŸ’§ğŸ’§


Â Â Â  ğŸ“² 0902660722
Â Â Â  ğŸ“² 0928460606 

ğŸ”–
ğŸ’¬á‰ Telegram áˆˆáˆ›á‹˜á‹ â¤µï¸ á‹­áŒ á‰€áˆ™ğŸ”½

@zemencallcenter 

@zemenexpressadmin

áˆˆá‰°áŒ¨áˆ›áˆª áˆ›á‰¥áˆ«áˆªá‹« á‹¨á‰´áˆŒáŒáˆ«áˆ áŒˆáƒá‰½áŠ•â¤µï¸
https://telegram.me/zemenexpress

ğŸ’¥ğŸ’¥...................................ğŸ’¥ğŸ’¥",2025-06-06T15:01:04+03:00,4456,2,,True,,,d5b63306441c2df8708df4cd73fc3f89e2ea424705964f7a4184dc29026b6852
@ZemenExpress,Zemen ExpressÂ®,6898,[no text],2025-06-06T11:24:08+03:00,4293,13,,True,jpg,76579.0,e3b0c44298fc1c149afbf4c8996fb92427ae41e4649b934ca495991b7852b855
@ZemenExpress,Zemen ExpressÂ®,6897,"ğŸ’¥ğŸ’¥...................................ğŸ’¥ğŸ’¥

ğŸ“ŒVaccuum flask set

ğŸ‘á‹¨á”áˆ­áˆ™á‹ áˆ›áŒ
ğŸ‘3 áˆ˜áŒ áŒ« áŠ©á‰£á‹«á‹á‰½ á‹«áˆ‰á‰µ
ğŸ‘áˆˆ 12 áˆ°áŠ á‰³á‰µ á‹¨áˆá‰€á‹‰áŠ• áŠ áˆ™á‰† á‹¨á‰€á‹˜á‰€á‹˜á‹‰áŠ• áŠ á‰€á‹á‰…á‹ áˆšá‹«áˆµá‰€áˆáŒ¥
ğŸ‘á‹µáŠ•áŒˆá‰µ á‰¢á‹ˆá‹µá‰… áŠ¥áŠ•áŠ³áŠ• áŠ¨áˆ›á‹­áˆ°á‰ áˆ­ áˆ›á‰´áˆªá‹«áˆ á‹¨á‰°áˆ°áˆ«
ğŸ‘500áˆšáˆŠ áˆŠá‰µáˆ­ á‹¨áˆ˜á‹«á‹ áŠ á‰…áˆ á‹«áˆˆá‹‰
ğŸ‘á‰ á‰°áˆˆá‹«á‹¨ á‹¨áŠ¨áˆˆáˆ­ áŠ áˆ›áˆ«áŒ­ á‹¨á‰€áˆ¨á‰ 
ğŸ‘áˆˆáˆµáŒ¦á‰³ á‹¨áˆšáˆ†áŠ• á‹¨áˆ«áˆ± áˆ›áˆ¸áŒŠá‹«áŠ“ áˆ˜á‹«á‹£ á‹«áˆˆá‹‰

á‹‹áŒ‹á¦Â  ğŸ’µğŸ·Â  1200 á‰¥áˆ­

â™¦ï¸á‹áˆµáŠ• ááˆ¬ áŠá‹ á‹«áˆˆá‹ ğŸ˜€ğŸ˜€ğŸ˜€

ğŸ¢ áŠ á‹µáˆ«áˆ»ğŸ‘‰

ğŸ“â™¦ï¸#áˆ˜áŒˆáŠ“áŠ›_áˆ˜áˆ°áˆ¨á‰µ_á‹°á‹áˆ­_áˆáˆ_áˆáˆˆá‰°áŠ›_áá‰… á‰¢áˆ® á‰. S05/S06


Â Â Â Â  ğŸ’§ğŸ’§ğŸ’§ğŸ’§


Â Â Â  ğŸ“² 0902660722
Â Â Â  ğŸ“² 0928460606 

ğŸ”–
ğŸ’¬á‰ Telegram áˆˆáˆ›á‹˜á‹ â¤µï¸ á‹­áŒ á‰€áˆ™ğŸ”½

@zemencallcenter 

@zemenexpressadmin

áˆˆá‰°áŒ¨áˆ›áˆª áˆ›á‰¥áˆ«áˆªá‹« á‹¨á‰´áˆŒáŒáˆ«áˆ áŒˆáƒá‰½áŠ•â¤µï¸
https://telegram.me/zemenexpress

ğŸ’¥ğŸ’¥...................................ğŸ’¥ğŸ’¥",2025-06-06T11:24:08+03:00,4539,14,,True,jpg,58419.0,44ec6453a54a645d24b16431c0cc1e5308386cc916a92996338b672372d255c5
@ZemenExpress,Zemen ExpressÂ®,6896,"ğŸ“Œáˆˆáˆ˜áˆ‹á‹ á‹¨áŠ¥áˆµáˆáˆáŠ“ áŠ¥áˆáŠá‰µ á‰°áŠ¨á‰³á‹®á‰½ 
á‰ áˆ™áˆ‰ áŠ¥áŠ•áŠ³áŠ• áˆˆáŠ¢á‹µ áŠ áˆ áŠ á‹µáˆ€(á‹“áˆ¨á‹) 
á‰ á‹“áˆ á‰ áˆ°áˆ‹áˆ áŠ á‹°áˆ¨áˆ³á‰½áˆ

âš ï¸ á‹›áˆ¬ áˆ±á‰ƒá‰½áŠ• áˆ™áˆ‰ á‰€áŠ• áŠ­áá‰µ áŠá‹

ğŸ¢ áŠ á‹µáˆ«áˆ»ğŸ‘‰

ğŸ“â™¦ï¸#áˆ˜áŒˆáŠ“áŠ›_áˆ˜áˆ°áˆ¨á‰µ_á‹°á‹áˆ­_áˆáˆ_áˆáˆˆá‰°áŠ›_áá‰… á‰¢áˆ® á‰. S05/S06


Â Â Â Â  ğŸ’§ğŸ’§ğŸ’§ğŸ’§


Â Â Â  ğŸ“² 0902660722
Â Â Â  ğŸ“² 0928460606 

ğŸ”–
ğŸ’¬á‰ Telegram áˆˆáˆ›á‹˜á‹ â¤µï¸ á‹­áŒ á‰€áˆ™ğŸ”½

@zemencallcenter 

@zemenexpressadmin

áˆˆá‰°áŒ¨áˆ›áˆª áˆ›á‰¥áˆ«áˆªá‹« á‹¨á‰´áˆŒáŒáˆ«áˆ áŒˆáƒá‰½áŠ•â¤µï¸
https://telegram.me/zemenexpress

ğŸ’¥ğŸ’¥...................................ğŸ’¥ğŸ’¥",2025-06-06T08:19:13+03:00,4006,0,,True,jpg,99720.0,b66029e94fafb58e8e3d12702de04983b9df459111bbc9cf33d08a0ad8bd3c90
@ZemenExpress,Zemen ExpressÂ®,6895,[no text],2025-06-05T20:57:22+03:00,4601,14,,True,jpg,160519.0,e3b0c44298fc1c149afbf4c8996fb92427ae41e4649b934ca495991b7852b855
@ZemenExpress,Zemen ExpressÂ®,6894,[no text],2025-06-05T20:57:22+03:00,5455,12,,True,jpg,77937.0,e3b0c44298fc1c149afbf4c8996fb92427ae41e4649b934ca495991b7852b855
@ZemenExpress,Zemen ExpressÂ®,6893,[no text],2025-06-05T20:57:22+03:00,5145,12,,True,jpg,63216.0,e3b0c44298fc1c149afbf4c8996fb92427ae41e4649b934ca495991b7852b855
@ZemenExpress,Zemen ExpressÂ®,6892,"ğŸ’¥ğŸ’¥...................................ğŸ’¥ğŸ’¥

ğŸ“ŒStainless steel potato masher

ğŸ’¯ Quality

á‹‹áŒ‹á¦Â  ğŸ’µğŸ· 450 á‰¥áˆ­

â™¦ï¸á‹áˆµáŠ• ááˆ¬ áŠá‹ á‹«áˆˆá‹ ğŸ˜€ğŸ˜€ğŸ˜€

ğŸ¢ áŠ á‹µáˆ«áˆ»ğŸ‘‰

ğŸ“â™¦ï¸#áˆ˜áŒˆáŠ“áŠ›_áˆ˜áˆ°áˆ¨á‰µ_á‹°á‹áˆ­_áˆáˆ_áˆáˆˆá‰°áŠ›_áá‰… á‰¢áˆ® á‰. S05/S06


Â Â Â Â  ğŸ’§ğŸ’§ğŸ’§ğŸ’§


Â Â Â  ğŸ“² 0902660722
Â Â Â  ğŸ“² 0928460606 

ğŸ”–
ğŸ’¬á‰ Telegram áˆˆáˆ›á‹˜á‹ â¤µï¸ á‹­áŒ á‰€áˆ™ğŸ”½

@zemencallcenter 

@zemenexpressadmin

áˆˆá‰°áŒ¨áˆ›áˆª áˆ›á‰¥áˆ«áˆªá‹« á‹¨á‰´áˆŒáŒáˆ«áˆ áŒˆáƒá‰½áŠ•â¤µï¸
https://telegram.me/zemenexpress

ğŸ’¥ğŸ’¥...................................ğŸ’¥ğŸ’¥",2025-06-05T20:57:22+03:00,4407,15,,True,jpg,161237.0,5e2fca9cbce7cf3727dede35fdbfae70dd87309ad185597ef3aa4b6c4837d4a2
@ZemenExpress,Zemen ExpressÂ®,6891,[no text],2025-06-05T13:57:12+03:00,4565,11,,True,jpg,69719.0,e3b0c44298fc1c149afbf4c8996fb92427ae41e4649b934ca495991b7852b855
@ZemenExpress,Zemen ExpressÂ®,6890,[no text],2025-06-05T13:57:12+03:00,4606,12,,True,jpg,64639.0,e3b0c44298fc1c149afbf4c8996fb92427ae41e4649b934ca495991b7852b855
@ZemenExpress,Zemen ExpressÂ®,6889,[no text],2025-06-05T13:57:12+03:00,4494,11,,True,jpg,77869.0,e3b0c44298fc1c149afbf4c8996fb92427ae41e4649b934ca495991b7852b855
@ZemenExpress,Zemen ExpressÂ®,6888,"ğŸ’¥ğŸ’¥...................................ğŸ’¥ğŸ’¥

ğŸ“Œ2 in1 Electric Foot grinder & hair remover

ğŸ‘á‹¨á‰°áˆ¨áŠ¨á‹ áˆáˆ¨á‹µ áŠ¥áŠ“ á‹¨á€áŒ‰áˆ­ áˆ›áŠ•áˆ»
ğŸ‘á‰  á‰»áˆ­áŒ… á‹¨áˆšáˆ°áˆ«

á‹‹áŒ‹á¦Â  ğŸ’µğŸ· 1000 á‰¥áˆ­

â™¦ï¸á‹áˆµáŠ• ááˆ¬ áŠá‹ á‹«áˆˆá‹ ğŸ˜€ğŸ˜€ğŸ˜€

ğŸ¢ áŠ á‹µáˆ«áˆ»ğŸ‘‰

ğŸ“â™¦ï¸#áˆ˜áŒˆáŠ“áŠ›_áˆ˜áˆ°áˆ¨á‰µ_á‹°á‹áˆ­_áˆáˆ_áˆáˆˆá‰°áŠ›_áá‰… á‰¢áˆ® á‰. S05/S06


Â Â Â Â  ğŸ’§ğŸ’§ğŸ’§ğŸ’§


Â Â Â  ğŸ“² 0902660722
Â Â Â  ğŸ“² 0928460606 

ğŸ”–
ğŸ’¬á‰ Telegram áˆˆáˆ›á‹˜á‹ â¤µï¸ á‹­áŒ á‰€áˆ™ğŸ”½

@zemencallcenter 

@zemenexpressadmin

áˆˆá‰°áŒ¨áˆ›áˆª áˆ›á‰¥áˆ«áˆªá‹« á‹¨á‰´áˆŒáŒáˆ«áˆ áŒˆáƒá‰½áŠ•â¤µï¸
https://telegram.me/zemenexpress

ğŸ’¥ğŸ’¥...................................ğŸ’¥ğŸ’¥",2025-06-05T13:57:11+03:00,4361,11,,True,jpg,92172.0,32f74fbde936edf30b8c1ef90092f757008c81b6fe8ff3cf3bf10d204a06da65
@ZemenExpress,Zemen ExpressÂ®,6887,"ğŸ’¥ğŸ’¥...................................ğŸ’¥ğŸ’¥

ğŸ“Œ2 in1 Electric Foot grinder & hair remover

ğŸ‘á‹¨á‰°áˆ¨áŠ¨á‹ áˆáˆ¨á‹µ áŠ¥áŠ“ á‹¨á€áŒ‰áˆ­ áˆ›áŠ•áˆ»
ğŸ‘á‰  á‰»áˆ­áŒ… á‹¨áˆšáˆ°áˆ«

á‹‹áŒ‹á¦Â  ğŸ’µğŸ· 1000 á‰¥áˆ­

â™¦ï¸á‹áˆµáŠ• ááˆ¬ áŠá‹ á‹«áˆˆá‹ ğŸ˜€ğŸ˜€ğŸ˜€

ğŸ¢ áŠ á‹µáˆ«áˆ»ğŸ‘‰

ğŸ“â™¦ï¸#áˆ˜áŒˆáŠ“áŠ›_áˆ˜áˆ°áˆ¨á‰µ_á‹°á‹áˆ­_áˆáˆ_áˆáˆˆá‰°áŠ›_áá‰… á‰¢áˆ® á‰. S05/S06


Â Â Â Â  ğŸ’§ğŸ’§ğŸ’§ğŸ’§


Â Â Â  ğŸ“² 0902660722
Â Â Â  ğŸ“² 0928460606 

ğŸ”–
ğŸ’¬á‰ Telegram áˆˆáˆ›á‹˜á‹ â¤µï¸ á‹­áŒ á‰€áˆ™ğŸ”½

@zemencallcenter 

@zemenexpressadmin

áˆˆá‰°áŒ¨áˆ›áˆª áˆ›á‰¥áˆ«áˆªá‹« á‹¨á‰´áˆŒáŒáˆ«áˆ áŒˆáƒá‰½áŠ•â¤µï¸
https://telegram.me/zemenexpress

ğŸ’¥ğŸ’¥...................................ğŸ’¥ğŸ’¥",2025-06-05T13:56:42+03:00,4026,0,,True,,,32f74fbde936edf30b8c1ef90092f757008c81b6fe8ff3cf3bf10d204a06da65
